filename,mean_speedKMH
2023-01-01-0,13
2023-01-01-1,20
2023-01-01-2,21
2023-01-01-3,21
2023-01-01-4,25
2023-01-01-5,11
2023-01-01-6,14
2023-01-01-7,12
2023-01-01-8,21
2023-01-01-9,13
2023-01-01-10,17
2023-01-01-11,17
2023-01-01-12,12
2023-01-01-13,16
2023-01-01-14,12
2023-01-01-15,11
2023-01-01-16,12
2023-01-01-17,11
2023-01-01-18,10
2023-01-01-19,12
2023-01-01-20,16
2023-01-01-21,12
2023-01-01-22,11
2023-01-01-23,13
2023-01-02-0,18
2023-01-02-1,8
2023-01-02-2,8
2023-01-02-3,16
2023-01-02-4,11
2023-01-02-5,29
2023-01-02-6,32
2023-01-02-7,27
2023-01-02-8,25
2023-01-02-9,17
2023-01-02-10,21
2023-01-02-11,16
2023-01-02-12,15
2023-01-02-13,16
2023-01-02-14,18
2023-01-02-15,16
2023-01-02-16,16
2023-01-02-17,20
2023-01-02-18,17
2023-01-02-19,18
2023-01-02-20,20
2023-01-02-21,23
2023-01-02-22,26
2023-01-02-23,37
2023-01-03-0,32
2023-01-03-1,14
2023-01-03-2,31
2023-01-03-3,49
2023-01-03-4,29
2023-01-03-5,38
2023-01-03-6,25
2023-01-03-7,27
2023-01-03-8,19
2023-01-03-9,17
2023-01-03-10,19
2023-01-03-11,19
2023-01-03-12,19
2023-01-03-13,26
2023-01-03-14,15
2023-01-03-15,15
2023-01-03-16,15
2023-01-03-17,13
2023-01-03-18,15
2023-01-03-19,20
2023-01-03-20,29
2023-01-03-21,28
2023-01-03-22,26
2023-01-03-23,18
2023-01-04-0,16
2023-01-04-1,35
2023-01-04-2,20
2023-01-04-3,52
2023-01-04-4,30
2023-01-04-5,54
2023-01-04-6,40
2023-01-04-7,24
2023-01-04-8,24
2023-01-04-9,23
2023-01-04-10,18
2023-01-04-11,17
2023-01-04-12,18
2023-01-04-13,17
2023-01-04-14,18
2023-01-04-15,18
2023-01-04-16,17
2023-01-04-17,19
2023-01-04-18,14
2023-01-04-19,17
2023-01-04-20,14
2023-01-04-21,12
2023-01-04-22,12
2023-01-04-23,14
2023-01-05-0,13
2023-01-05-1,41
2023-01-05-2,43
2023-01-05-3,10
2023-01-05-4,31
2023-01-05-5,12
2023-01-05-6,31
2023-01-05-7,15
2023-01-05-8,19
2023-01-05-9,18
2023-01-05-10,18
2023-01-05-11,16
2023-01-05-12,15
2023-01-05-13,24
2023-01-05-14,19
2023-01-05-15,17
2023-01-05-16,17
2023-01-05-17,13
2023-01-05-18,15
2023-01-05-19,19
2023-01-05-20,22
2023-01-05-21,19
2023-01-05-22,14
2023-01-05-23,30
2023-01-06-0,15
2023-01-06-1,12
2023-01-06-2,37
2023-01-06-3,36
2023-01-06-4,12
2023-01-06-5,10
2023-01-06-6,25
2023-01-06-7,21
2023-01-06-8,17
2023-01-06-9,23
2023-01-06-10,22
2023-01-06-11,14
2023-01-06-12,24
2023-01-06-13,20
2023-01-06-14,16
2023-01-06-15,12
2023-01-06-16,11
2023-01-06-17,17
2023-01-06-18,18
2023-01-06-19,21
2023-01-06-20,20
2023-01-06-21,16
2023-01-06-22,11
2023-01-06-23,20
2023-01-07-0,13
2023-01-07-1,17
2023-01-07-2,9
2023-01-07-3,7
2023-01-07-4,30
2023-01-07-5,8
2023-01-07-6,33
2023-01-07-7,15
2023-01-07-8,26
2023-01-07-9,27
2023-01-07-10,20
2023-01-07-11,17
2023-01-07-12,18
2023-01-07-13,12
2023-01-07-14,23
2023-01-07-15,15
2023-01-07-16,12
2023-01-07-17,15
2023-01-07-18,14
2023-01-07-19,16
2023-01-07-20,11
2023-01-07-21,11
2023-01-07-22,13
2023-01-07-23,11
2023-01-08-0,10
2023-01-08-1,29
2023-01-08-2,42
2023-01-08-3,32
2023-01-08-4,37
2023-01-08-5,17
2023-01-08-6,12
2023-01-08-7,24
2023-01-08-8,8
2023-01-08-9,28
2023-01-08-10,22
2023-01-08-11,15
2023-01-08-12,21
2023-01-08-13,11
2023-01-08-14,12
2023-01-08-15,12
2023-01-08-16,12
2023-01-08-17,13
2023-01-08-18,20
2023-01-08-19,10
2023-01-08-20,14
2023-01-08-21,14
2023-01-08-22,13
2023-01-08-23,14
2023-01-09-0,27
2023-01-09-1,11
2023-01-09-2,53
2023-01-09-4,47
2023-01-09-6,41
2023-01-09-7,26
2023-01-09-8,16
2023-01-09-9,21
2023-01-09-10,17
2023-01-09-11,18
2023-01-09-12,21
2023-01-09-13,16
2023-01-09-14,15
2023-01-09-15,17
2023-01-09-16,14
2023-01-09-17,17
2023-01-09-18,14
2023-01-09-19,13
2023-01-09-20,13
2023-01-09-21,15
2023-01-09-22,20
2023-01-09-23,12
2023-01-10-0,11
2023-01-10-1,22
2023-01-10-2,8
2023-01-10-3,18
2023-01-10-4,12
2023-01-10-5,16
2023-01-10-6,31
2023-01-10-7,25
2023-01-10-8,20
2023-01-10-9,19
2023-01-10-10,17
2023-01-10-11,17
2023-01-10-12,20
2023-01-10-13,16
2023-01-10-14,16
2023-01-10-15,18
2023-01-10-16,17
2023-01-10-17,19
2023-01-10-18,17
2023-01-10-19,19
2023-01-10-20,24
2023-01-10-21,9
2023-01-10-22,12
2023-01-10-23,9
2023-01-11-0,29
2023-01-11-1,36
2023-01-11-2,27
2023-01-11-3,45
2023-01-11-4,21
2023-01-11-6,38
2023-01-11-7,21
2023-01-11-8,24
2023-01-11-9,21
2023-01-11-10,17
2023-01-11-11,21
2023-01-11-12,20
2023-01-11-13,11
2023-01-11-14,12
2023-01-11-15,25
2023-01-11-16,13
2023-01-11-17,11
2023-01-11-18,12
2023-01-11-19,19
2023-01-11-20,20
2023-01-11-21,14
2023-01-11-22,12
2023-01-11-23,11
2023-01-12-0,40
2023-01-12-1,59
2023-01-12-2,18
2023-01-12-3,44
2023-01-12-4,16
2023-01-12-5,11
2023-01-12-6,12
2023-01-12-7,25
2023-01-12-8,18
2023-01-12-9,21
2023-01-12-10,19
2023-01-12-11,20
2023-01-12-12,19
2023-01-12-13,13
2023-01-12-14,21
2023-01-12-15,12
2023-01-12-16,15
2023-01-12-17,13
2023-01-12-18,12
2023-01-12-19,24
2023-01-12-20,26
2023-01-12-21,12
2023-01-12-22,25
2023-01-12-23,12
2023-01-13-0,10
2023-01-13-1,5
2023-01-13-2,46
2023-01-13-3,45
2023-01-13-4,35
2023-01-13-5,12
2023-01-13-6,17
2023-01-13-7,21
2023-01-13-8,21
2023-01-13-9,22
2023-01-13-10,22
2023-01-13-11,20
2023-01-13-12,16
2023-01-13-13,23
2023-01-13-14,20
2023-01-13-15,19
2023-01-13-16,18
2023-01-13-17,15
2023-01-13-18,13
2023-01-13-19,17
2023-01-13-20,25
2023-01-13-21,34
2023-01-13-22,22
2023-01-13-23,9
2023-01-14-0,36
2023-01-14-1,11
2023-01-14-2,15
2023-01-14-3,32
2023-01-14-4,11
2023-01-14-5,22
2023-01-14-6,11
2023-01-14-7,14
2023-01-14-8,22
2023-01-14-9,21
2023-01-14-10,17
2023-01-14-11,18
2023-01-14-12,15
2023-01-14-13,15
2023-01-14-14,14
2023-01-14-15,13
2023-01-14-16,10
2023-01-14-17,18
2023-01-14-18,19
2023-01-14-19,18
2023-01-14-20,27
2023-01-14-21,13
2023-01-14-22,14
2023-01-14-23,14
2023-01-15-0,9
2023-01-15-1,6
2023-01-15-2,9
2023-01-15-3,33
2023-01-15-4,13
2023-01-15-5,29
2023-01-15-6,15
2023-01-15-7,20
2023-01-15-8,11
2023-01-15-9,13
2023-01-15-10,21
2023-01-15-11,15
2023-01-15-12,22
2023-01-15-13,15
2023-01-15-14,17
2023-01-15-15,12
2023-01-15-16,17
2023-01-15-17,19
2023-01-15-18,22
2023-01-15-19,23
2023-01-15-20,13
2023-01-15-21,18
2023-01-15-22,12
2023-01-15-23,18
2023-01-16-0,12
2023-01-16-1,13
2023-01-16-2,35
2023-01-16-3,20
2023-01-16-4,6
2023-01-16-5,18
2023-01-16-6,22
2023-01-16-7,10
2023-01-16-8,9
2023-01-16-9,9
2023-01-16-10,13
2023-01-16-11,13
2023-01-16-12,16
2023-01-16-13,13
2023-01-16-14,12
2023-01-16-15,15
2023-01-16-16,14
2023-01-16-17,17
2023-01-16-18,13
2023-01-16-19,16
2023-01-16-20,14
2023-01-16-21,18
2023-01-16-22,13
2023-01-16-23,27
2023-01-17-0,10
2023-01-17-1,17
2023-01-17-3,9
2023-01-17-4,32
2023-01-17-5,21
2023-01-17-6,37
2023-01-17-7,19
2023-01-17-8,25
2023-01-17-9,22
2023-01-17-10,25
2023-01-17-11,22
2023-01-17-12,23
2023-01-17-13,13
2023-01-17-14,21
2023-01-17-15,21
2023-01-17-16,18
2023-01-17-17,14
2023-01-17-18,16
2023-01-17-19,13
2023-01-17-20,12
2023-01-17-21,12
2023-01-17-22,12
2023-01-17-23,28
2023-01-18-0,46
2023-01-18-1,27
2023-01-18-2,0
2023-01-18-3,40
2023-01-18-4,49
2023-01-18-5,44
2023-01-18-6,38
2023-01-18-7,20
2023-01-18-8,18
2023-01-18-9,19
2023-01-18-10,24
2023-01-18-11,23
2023-01-18-12,23
2023-01-18-13,21
2023-01-18-14,20
2023-01-18-15,13
2023-01-18-16,19
2023-01-18-17,18
2023-01-18-18,15
2023-01-18-19,13
2023-01-18-20,19
2023-01-18-21,14
2023-01-18-22,21
2023-01-18-23,11
2023-01-19-0,15
2023-01-19-1,48
2023-01-19-2,47
2023-01-19-3,36
2023-01-19-4,25
2023-01-19-5,23
2023-01-19-6,30
2023-01-19-7,17
2023-01-19-8,17
2023-01-19-9,19
2023-01-19-10,24
2023-01-19-11,21
2023-01-19-12,15
2023-01-19-13,14
2023-01-19-14,12
2023-01-19-15,21
2023-01-19-16,13
2023-01-19-17,22
2023-01-19-18,18
2023-01-19-19,19
2023-01-19-20,11
2023-01-19-21,12
2023-01-19-22,12
2023-01-19-23,16
2023-01-20-0,30
2023-01-20-1,21
2023-01-20-2,8
2023-01-20-3,24
2023-01-20-4,34
2023-01-20-5,22
2023-01-20-6,40
2023-01-20-7,23
2023-01-20-8,21
2023-01-20-9,16
2023-01-20-10,18
2023-01-20-11,20
2023-01-20-12,19
2023-01-20-13,19
2023-01-20-14,24
2023-01-20-15,16
2023-01-20-16,17
2023-01-20-17,13
2023-01-20-18,13
2023-01-20-19,17
2023-01-20-20,17
2023-01-20-21,22
2023-01-20-22,19
2023-01-20-23,29
2023-01-21-0,16
2023-01-21-1,25
2023-01-21-2,8
2023-01-21-3,10
2023-01-21-4,23
2023-01-21-5,47
2023-01-21-6,13
2023-01-21-7,13
2023-01-21-8,30
2023-01-21-9,17
2023-01-21-10,15
2023-01-21-11,15
2023-01-21-12,14
2023-01-21-13,10
2023-01-21-14,13
2023-01-21-15,11
2023-01-21-16,11
2023-01-21-17,11
2023-01-21-18,12
2023-01-21-19,10
2023-01-21-20,10
2023-01-21-21,12
2023-01-21-22,11
2023-01-21-23,11
2023-01-22-0,9
2023-01-22-1,5
2023-01-22-2,9
2023-01-22-3,29
2023-01-22-4,13
2023-01-22-5,15
2023-01-22-6,12
2023-01-22-7,11
2023-01-22-8,12
2023-01-22-9,10
2023-01-22-10,16
2023-01-22-11,13
2023-01-22-12,13
2023-01-22-13,13
2023-01-22-14,12
2023-01-22-15,16
2023-01-22-16,12
2023-01-22-17,12
2023-01-22-18,11
2023-01-22-19,11
2023-01-22-20,10
2023-01-22-21,12
2023-01-22-22,10
2023-01-22-23,10
2023-01-23-0,13
2023-01-23-1,25
2023-01-23-2,8
2023-01-23-3,15
2023-01-23-5,11
2023-01-23-6,39
2023-01-23-7,21
2023-01-23-8,14
2023-01-23-9,23
2023-01-23-10,17
2023-01-23-11,15
2023-01-23-12,15
2023-01-23-13,15
2023-01-23-14,20
2023-01-23-15,25
2023-01-23-16,24
2023-01-23-17,18
2023-01-23-18,13
2023-01-23-19,11
2023-01-23-20,11
2023-01-23-21,18
2023-01-23-22,13
2023-01-23-23,25
2023-01-24-0,7
2023-01-24-1,14
2023-01-24-2,15
2023-01-24-3,10
2023-01-24-4,7
2023-01-24-5,25
2023-01-24-6,35
2023-01-24-7,14
2023-01-24-8,20
2023-01-24-9,21
2023-01-24-10,26
2023-01-24-11,20
2023-01-24-12,21
2023-01-24-13,11
2023-01-24-14,18
2023-01-24-15,21
2023-01-24-16,21
2023-01-24-17,19
2023-01-24-18,17
2023-01-24-19,20
2023-01-24-20,23
2023-01-24-21,12
2023-01-24-22,11
2023-01-24-23,18
2023-01-25-0,18
2023-01-25-1,18
2023-01-25-2,22
2023-01-25-3,12
2023-01-25-4,11
2023-01-25-5,29
2023-01-25-6,28
2023-01-25-7,22
2023-01-25-8,19
2023-01-25-9,21
2023-01-25-10,21
2023-01-25-11,13
2023-01-25-12,19
2023-01-25-13,10
2023-01-25-14,14
2023-01-25-15,14
2023-01-25-16,16
2023-01-25-17,21
2023-01-25-18,21
2023-01-25-19,22
2023-01-25-20,18
2023-01-25-21,13
2023-01-25-22,12
2023-01-25-23,12
2023-01-26-0,16
2023-01-26-1,8
2023-01-26-5,20
2023-01-26-6,14
2023-01-26-7,26
2023-01-26-8,23
2023-01-26-9,17
2023-01-26-10,16
2023-01-26-11,19
2023-01-26-12,20
2023-01-26-13,26
2023-01-26-14,12
2023-01-26-15,12
2023-01-26-16,15
2023-01-26-17,18
2023-01-26-18,14
2023-01-26-19,19
2023-01-26-20,18
2023-01-26-21,16
2023-01-26-22,16
2023-01-26-23,11
2023-01-27-0,21
2023-01-27-1,40
2023-01-27-2,8
2023-01-27-3,12
2023-01-27-4,32
2023-01-27-5,29
2023-01-27-6,24
2023-01-27-7,22
2023-01-27-8,15
2023-01-27-9,22
2023-01-27-10,25
2023-01-27-11,10
2023-01-27-12,15
2023-01-27-13,11
2023-01-27-14,21
2023-01-27-15,20
2023-01-27-16,17
2023-01-27-17,20
2023-01-27-18,19
2023-01-27-19,19
2023-01-27-20,14
2023-01-27-21,15
2023-01-27-22,13
2023-01-27-23,10
2023-01-28-0,15
2023-01-28-1,13
2023-01-28-2,8
2023-01-28-3,7
2023-01-28-4,11
2023-01-28-5,12
2023-01-28-6,11
2023-01-28-7,37
2023-01-28-8,24
2023-01-28-9,19
2023-01-28-10,23
2023-01-28-11,15
2023-01-28-12,14
2023-01-28-13,10
2023-01-28-14,16
2023-01-28-15,12
2023-01-28-16,11
2023-01-28-17,13
2023-01-28-18,13
2023-01-28-19,11
2023-01-28-20,14
2023-01-28-21,11
2023-01-28-22,12
2023-01-28-23,12
2023-01-29-0,12
2023-01-29-1,15
2023-01-29-2,8
2023-01-29-3,7
2023-01-29-4,24
2023-01-29-5,13
2023-01-29-6,11
2023-01-29-7,14
2023-01-29-8,11
2023-01-29-9,18
2023-01-29-10,12
2023-01-29-11,17
2023-01-29-12,11
2023-01-29-13,14
2023-01-29-14,18
2023-01-29-15,25
2023-01-29-16,23
2023-01-29-17,21
2023-01-29-18,16
2023-01-30-6,6
2023-01-30-7,21
2023-01-30-8,12
2023-01-30-9,20
2023-01-30-10,22
2023-01-30-11,22
2023-01-30-12,25
2023-01-30-13,21
2023-01-30-14,14
2023-01-30-15,16
2023-01-30-16,16
2023-01-30-17,14
2023-01-30-18,15
2023-01-30-19,12
2023-01-30-20,11
2023-01-30-21,12
2023-01-30-22,16
2023-01-30-23,39
2023-01-31-0,13
2023-01-31-1,11
2023-01-31-2,5
2023-01-31-3,22
2023-01-31-4,25
2023-01-31-5,14
2023-01-31-6,21
2023-01-31-7,21
2023-01-31-8,13
2023-01-31-9,23
2023-01-31-10,23
2023-01-31-11,25
2023-01-31-12,21
2023-01-31-13,11
2023-01-31-14,22
2023-01-31-15,22
2023-01-31-16,17
2023-01-31-17,16
2023-01-31-18,15
2023-01-31-19,16
2023-01-31-20,9
2023-01-31-21,16
2023-01-31-22,32
2023-01-31-23,17
2023-02-01-0,5
2023-02-01-1,20
2023-02-01-2,37
2023-02-01-3,15
2023-02-01-4,14
2023-02-01-5,11
2023-02-01-6,36
2023-02-01-7,14
2023-02-01-8,28
2023-02-01-9,20
2023-02-01-10,22
2023-02-01-11,23
2023-02-01-12,23
2023-02-01-13,12
2023-02-01-14,22
2023-02-01-15,21
2023-02-01-16,19
2023-02-01-17,18
2023-02-01-18,16
2023-02-01-19,16
2023-02-01-20,10
2023-02-01-21,27
2023-02-01-22,24
2023-02-01-23,10
2023-02-02-0,17
2023-02-02-1,32
2023-02-02-2,24
2023-02-02-3,55
2023-02-02-4,51
2023-02-02-5,28
2023-02-02-6,17
2023-02-02-7,25
2023-02-02-8,14
2023-02-02-9,29
2023-02-02-10,14
2023-02-02-11,17
2023-02-02-12,11
2023-02-02-13,10
2023-02-02-14,19
2023-02-02-15,11
2023-02-02-16,16
2023-02-02-17,16
2023-02-02-18,19
2023-02-02-19,10
2023-02-02-20,13
2023-02-02-21,11
2023-02-02-22,13
2023-02-02-23,11
2023-02-03-0,15
2023-02-03-1,43
2023-02-03-2,48
2023-02-03-3,51
2023-02-03-4,26
2023-02-03-5,10
2023-02-03-6,14
2023-02-03-7,22
2023-02-03-8,26
2023-02-03-9,18
2023-02-03-10,20
2023-02-03-11,14
2023-02-03-12,13
2023-02-03-13,15
2023-02-03-14,19
2023-02-03-15,23
2023-02-03-16,20
2023-02-03-17,17
2023-02-03-18,16
2023-02-03-19,19
2023-02-03-20,13
2023-02-03-21,11
2023-02-03-22,15
2023-02-03-23,16
2023-02-04-0,9
2023-02-04-1,9
2023-02-04-2,37
2023-02-04-3,8
2023-02-04-4,37
2023-02-04-5,38
2023-02-04-6,12
2023-02-04-7,12
2023-02-04-8,12
2023-02-04-9,10
2023-02-04-10,10
2023-02-04-11,11
2023-02-04-12,13
2023-02-04-13,12
2023-02-04-14,22
2023-02-04-15,11
2023-02-04-16,11
2023-02-04-17,12
2023-02-04-18,12
2023-02-04-19,12
2023-02-04-20,13
2023-02-04-21,14
2023-02-04-22,12
2023-02-04-23,12
2023-02-05-0,8
2023-02-05-1,15
2023-02-05-2,11
2023-02-05-3,40
2023-02-05-4,13
2023-02-05-5,9
2023-02-05-6,12
2023-02-05-7,16
2023-02-05-8,11
2023-02-05-9,13
2023-02-05-10,9
2023-02-05-11,12
2023-02-05-12,12
2023-02-05-13,13
2023-02-05-14,11
2023-02-05-15,11
2023-02-05-16,13
2023-02-05-17,11
2023-02-05-18,10
2023-02-05-19,12
2023-02-05-20,19
2023-02-05-21,11
2023-02-05-22,11
2023-02-05-23,23
2023-02-06-0,29
2023-02-06-1,21
2023-02-06-2,19
2023-02-06-3,18
2023-02-06-4,26
2023-02-06-5,15
2023-02-06-6,20
2023-02-06-7,24
2023-02-06-8,24
2023-02-06-9,16
2023-02-06-10,25
2023-02-06-11,22
2023-02-06-12,11
2023-02-06-13,11
2023-02-06-14,15
2023-02-06-15,13
2023-02-06-16,12
2023-02-06-17,14
2023-02-06-18,13
2023-02-06-19,11
2023-02-06-20,13
2023-02-06-21,19
2023-02-06-22,13
2023-02-06-23,17
2023-02-07-0,5
2023-02-07-1,42
2023-02-07-2,7
2023-02-07-3,16
2023-02-07-4,43
2023-02-07-5,26
2023-02-07-6,12
2023-02-07-7,20
2023-02-07-8,15
2023-02-07-9,24
2023-02-07-10,25
2023-02-07-11,17
2023-02-07-12,11
2023-02-07-13,13
2023-02-07-14,18
2023-02-07-15,15
2023-02-07-16,13
2023-02-07-17,13
2023-02-07-18,14
2023-02-07-19,11
2023-02-07-20,15
2023-02-07-21,11
2023-02-07-22,16
2023-02-07-23,15
2023-02-08-0,34
2023-02-08-1,11
2023-02-08-2,10
2023-02-08-3,26
2023-02-08-4,32
2023-02-08-5,24
2023-02-08-6,26
2023-02-08-7,14
2023-02-08-8,23
2023-02-08-9,20
2023-02-08-10,19
2023-02-08-11,20
2023-02-08-12,18
2023-02-08-13,14
2023-02-08-14,19
2023-02-08-15,18
2023-02-08-16,17
2023-02-08-17,16
2023-02-08-18,15
2023-02-08-19,17
2023-02-08-20,11
2023-02-08-21,11
2023-02-08-22,43
2023-02-08-23,47
2023-02-09-0,45
2023-02-09-1,45
2023-02-09-2,16
2023-02-09-3,16
2023-02-09-4,43
2023-02-09-5,27
2023-02-09-6,28
2023-02-09-7,15
2023-02-09-8,20
2023-02-09-9,22
2023-02-09-10,22
2023-02-09-11,16
2023-02-09-12,11
2023-02-09-13,14
2023-02-09-14,15
2023-02-09-15,21
2023-02-09-16,14
2023-02-09-17,15
2023-02-09-18,12
2023-02-09-19,21
2023-02-09-20,19
2023-02-09-21,22
2023-02-09-22,14
2023-02-09-23,15
2023-02-10-0,5
2023-02-10-1,44
2023-02-10-2,17
2023-02-10-3,28
2023-02-10-4,38
2023-02-10-5,8
2023-02-10-6,16
2023-02-10-7,16
2023-02-10-8,14
2023-02-10-9,14
2023-02-10-10,21
2023-02-10-11,12
2023-02-10-12,18
2023-02-10-13,10
2023-02-10-14,14
2023-02-10-15,18
2023-02-10-16,20
2023-02-10-17,16
2023-02-10-18,16
2023-02-10-19,18
2023-02-10-20,21
2023-02-10-21,20
2023-02-10-22,11
2023-02-10-23,15
2023-02-11-0,20
2023-02-11-1,19
2023-02-11-2,10
2023-02-11-3,7
2023-02-11-4,18
2023-02-11-5,14
2023-02-11-6,11
2023-02-11-7,17
2023-02-11-8,23
2023-02-11-9,13
2023-02-11-10,19
2023-02-11-11,14
2023-02-11-12,11
2023-02-11-13,12
2023-02-11-14,10
2023-02-11-15,12
2023-02-11-16,12
2023-02-11-17,12
2023-02-11-18,13
2023-02-11-19,11
2023-02-11-20,14
2023-02-11-21,10
2023-02-11-22,13
2023-02-11-23,20
2023-02-12-0,22
2023-02-12-1,14
2023-02-12-2,7
2023-02-12-3,14
2023-02-12-4,18
2023-02-12-5,13
2023-02-12-6,24
2023-02-12-7,13
2023-02-12-8,21
2023-02-12-9,10
2023-02-12-10,9
2023-02-12-11,13
2023-02-12-12,12
2023-02-12-13,9
2023-02-12-14,11
2023-02-12-15,12
2023-02-12-16,12
2023-02-12-17,13
2023-02-12-18,16
2023-02-12-19,16
2023-02-12-20,11
2023-02-12-21,15
2023-02-12-22,13
2023-02-12-23,27
2023-02-13-0,19
2023-02-13-1,35
2023-02-13-2,31
2023-02-13-3,13
2023-02-13-5,5
2023-02-13-6,28
2023-02-13-7,14
2023-02-13-8,13
2023-02-13-9,17
2023-02-13-10,20
2023-02-13-11,18
2023-02-13-12,17
2023-02-13-13,12
2023-02-13-14,21
2023-02-13-15,16
2023-02-13-16,22
2023-02-13-17,16
2023-02-13-18,16
2023-02-13-19,10
2023-02-13-20,10
2023-02-13-21,11
2023-02-13-22,20
2023-02-13-23,35
2023-02-14-0,23
2023-02-14-1,33
2023-02-14-2,44
2023-02-14-3,21
2023-02-14-4,65
2023-02-14-5,10
2023-02-14-6,31
2023-02-14-7,16
2023-02-14-8,22
2023-02-14-9,24
2023-02-14-10,20
2023-02-14-11,19
2023-02-14-12,23
2023-02-14-13,11
2023-02-14-14,15
2023-02-14-15,16
2023-02-14-16,22
2023-02-14-17,17
2023-02-14-18,17
2023-02-14-19,23
2023-02-14-20,10
2023-02-14-21,13
2023-02-14-22,12
2023-02-14-23,12
2023-02-15-0,12
2023-02-15-1,15
2023-02-15-3,18
2023-02-15-4,18
2023-02-15-5,21
2023-02-15-6,31
2023-02-15-7,21
2023-02-15-8,20
2023-02-15-9,20
2023-02-15-10,21
2023-02-15-11,17
2023-02-15-12,11
2023-02-15-13,10
2023-02-15-14,25
2023-02-15-15,16
2023-02-15-16,14
2023-02-15-17,16
2023-02-15-18,13
2023-02-15-19,16
2023-02-15-20,11
2023-02-15-21,12
2023-02-15-22,11
2023-02-15-23,14
2023-02-16-0,18
2023-02-16-1,23
2023-02-16-2,16
2023-02-16-3,33
2023-02-16-4,19
2023-02-16-5,30
2023-02-16-6,27
2023-02-16-7,15
2023-02-16-8,15
2023-02-16-9,18
2023-02-16-10,20
2023-02-16-11,19
2023-02-16-12,18
2023-02-16-13,10
2023-02-16-14,19
2023-02-16-15,17
2023-02-16-16,15
2023-02-16-17,13
2023-02-16-18,13
2023-02-16-19,16
2023-02-16-20,13
2023-02-16-21,20
2023-02-16-22,29
2023-02-16-23,13
2023-02-17-0,10
2023-02-17-1,9
2023-02-17-2,15
2023-02-17-3,35
2023-02-17-4,11
2023-02-17-5,14
2023-02-17-6,39
2023-02-17-7,13
2023-02-17-8,18
2023-02-17-9,15
2023-02-17-10,21
2023-02-17-11,18
2023-02-17-12,18
2023-02-17-13,14
2023-02-17-14,14
2023-02-17-15,16
2023-02-17-16,14
2023-02-17-17,12
2023-02-17-18,13
2023-02-17-19,14
2023-02-17-20,13
2023-02-17-21,13
2023-02-17-22,12
2023-02-17-23,9
2023-02-18-0,10
2023-02-18-1,12
2023-02-18-2,7
2023-02-18-3,12
2023-02-18-4,26
2023-02-18-5,11
2023-02-18-6,27
2023-02-18-7,13
2023-02-18-8,10
2023-02-18-9,15
2023-02-18-10,17
2023-02-18-11,15
2023-02-18-12,14
2023-02-18-13,15
2023-02-18-14,16
2023-02-18-15,15
2023-02-18-16,9
2023-02-18-17,11
2023-02-18-18,12
2023-02-18-19,10
2023-02-18-20,10
2023-02-18-21,9
2023-02-18-22,11
2023-02-18-23,10
2023-02-19-0,11
2023-02-19-1,8
2023-02-19-2,10
2023-02-19-3,31
2023-02-19-4,15
2023-02-19-5,10
2023-02-19-6,12
2023-02-19-7,12
2023-02-19-8,10
2023-02-19-9,13
2023-02-19-10,13
2023-02-19-11,12
2023-02-19-12,12
2023-02-19-13,14
2023-02-19-14,12
2023-02-19-15,12
2023-02-19-16,22
2023-02-19-17,11
2023-02-19-18,11
2023-02-19-19,14
2023-02-19-20,11
2023-02-19-21,11
2023-02-19-22,12
2023-02-19-23,10
2023-02-20-0,10
2023-02-20-1,33
2023-02-20-2,4
2023-02-20-3,36
2023-02-20-4,50
2023-02-20-5,48
2023-02-20-6,12
2023-02-20-7,11
2023-02-20-8,13
2023-02-20-9,19
2023-02-20-10,12
2023-02-20-11,16
2023-02-20-12,20
2023-02-20-13,16
2023-02-20-14,21
2023-02-20-15,26
2023-02-20-16,23
2023-02-20-17,20
2023-02-20-18,25
2023-02-20-19,31
2023-02-20-20,15
2023-02-20-21,12
2023-02-20-22,12
2023-02-20-23,30
2023-02-21-0,12
2023-02-21-1,16
2023-02-21-2,11
2023-02-21-3,19
2023-02-21-4,43
2023-02-21-5,8
2023-02-21-6,10
2023-02-21-7,14
2023-02-21-8,19
2023-02-21-9,15
2023-02-21-10,26
2023-02-21-11,21
2023-02-21-12,20
2023-02-21-13,9
2023-02-21-14,11
2023-02-21-15,12
2023-02-21-16,13
2023-02-21-17,11
2023-02-21-18,11
2023-02-21-19,12
2023-02-21-20,9
2023-02-21-21,12
2023-02-21-22,13
2023-02-21-23,8
2023-02-22-0,19
2023-02-22-1,10
2023-02-22-2,35
2023-02-22-3,17
2023-02-22-4,32
2023-02-22-5,11
2023-02-22-6,27
2023-02-22-7,18
2023-02-22-8,17
2023-02-22-9,20
2023-02-22-10,19
2023-02-22-11,15
2023-02-22-12,13
2023-02-22-13,12
2023-02-22-14,15
2023-02-22-15,15
2023-02-22-16,15
2023-02-22-17,17
2023-02-22-18,15
2023-02-22-19,16
2023-02-22-20,12
2023-02-22-21,11
2023-02-22-22,12
2023-02-22-23,9
2023-02-23-0,10
2023-02-23-3,28
2023-02-23-4,19
2023-02-23-5,21
2023-02-23-6,16
2023-02-23-7,19
2023-02-23-8,23
2023-02-23-9,25
2023-02-23-10,22
2023-02-23-11,18
2023-02-23-12,15
2023-02-23-13,10
2023-02-23-14,11
2023-02-23-15,12
2023-02-23-16,10
2023-02-23-17,18
2023-02-23-18,17
2023-02-23-19,31
2023-02-23-20,11
2023-02-23-21,23
2023-02-23-22,22
2023-02-23-23,34
2023-02-24-0,35
2023-02-24-1,12
2023-02-24-2,15
2023-02-24-3,16
2023-02-24-4,8
2023-02-24-5,3
2023-02-24-6,11
2023-02-24-7,16
2023-02-24-8,14
2023-02-24-9,15
2023-02-24-10,14
2023-02-24-11,14
2023-02-24-12,12
2023-02-24-13,10
2023-02-24-14,11
2023-02-24-15,11
2023-02-24-16,19
2023-02-24-17,11
2023-02-24-18,11
2023-02-24-19,17
2023-02-24-20,17
2023-02-24-21,18
2023-02-24-22,13
2023-02-24-23,38
2023-02-25-0,20
2023-02-25-1,6
2023-02-25-2,15
2023-02-25-3,16
2023-02-25-4,24
2023-02-25-5,5
2023-02-25-6,13
2023-02-25-7,14
2023-02-25-8,20
2023-02-25-9,21
2023-02-25-10,13
2023-02-25-11,11
2023-02-25-12,12
2023-02-25-13,11
2023-02-25-14,8
2023-02-25-15,11
2023-02-25-16,12
2023-02-25-17,11
2023-02-25-18,12
2023-02-25-19,12
2023-02-25-20,11
2023-02-25-21,11
2023-02-25-22,11
2023-02-25-23,11
2023-02-26-0,9
2023-02-26-1,22
2023-02-26-2,43
2023-02-26-3,33
2023-02-26-4,4
2023-02-26-5,10
2023-02-26-6,13
2023-02-26-7,12
2023-02-26-8,10
2023-02-26-9,16
2023-02-26-10,11
2023-02-26-11,11
2023-02-26-12,12
2023-02-26-13,10
2023-02-26-14,13
2023-02-26-15,21
2023-02-26-16,12
2023-02-26-17,10
2023-02-26-18,21
2023-02-26-19,11
2023-02-26-20,13
2023-02-26-21,10
2023-02-26-22,12
2023-02-26-23,29
2023-02-27-0,9
2023-02-27-1,36
2023-02-27-2,36
2023-02-27-3,40
2023-02-27-4,24
2023-02-27-5,11
2023-02-27-6,27
2023-02-27-7,13
2023-02-27-8,17
2023-02-27-9,16
2023-02-27-10,13
2023-02-27-11,15
2023-02-27-12,12
2023-02-27-13,15
2023-02-27-14,15
2023-02-27-15,23
2023-02-27-16,18
2023-02-27-17,18
2023-02-27-18,12
2023-02-27-19,12
2023-02-27-20,11
2023-02-27-21,18
2023-02-27-22,12
2023-02-27-23,19
2023-02-28-0,10
2023-02-28-2,9
2023-02-28-3,53
2023-02-28-4,56
2023-02-28-5,12
2023-02-28-6,34
2023-02-28-7,19
2023-02-28-8,13
2023-02-28-9,18
2023-02-28-10,18
2023-02-28-11,13
2023-02-28-12,11
2023-02-28-13,11
2023-02-28-14,19
2023-02-28-15,19
2023-02-28-16,19
2023-02-28-17,15
2023-02-28-18,13
2023-02-28-19,11
2023-02-28-20,14
2023-02-28-21,10
2023-02-28-22,13
2023-02-28-23,22
2023-03-01-0,16
2023-03-01-1,21
2023-03-01-2,13
2023-03-01-3,5
2023-03-01-5,28
2023-03-01-6,34
2023-03-01-7,18
2023-03-01-8,19
2023-03-01-9,24
2023-03-01-10,22
2023-03-01-11,17
2023-03-01-12,12
2023-03-01-13,10
2023-03-01-14,19
2023-03-01-15,13
2023-03-01-16,15
2023-03-01-17,18
2023-03-01-18,14
2023-03-01-19,12
2023-03-01-20,13
2023-03-01-21,11
2023-03-01-22,10
2023-03-01-23,18
2023-03-02-0,35
2023-03-02-1,54
2023-03-02-2,48
2023-03-02-3,63
2023-03-02-4,15
2023-03-02-5,16
2023-03-02-6,28
2023-03-02-7,19
2023-03-02-8,16
2023-03-02-9,11
2023-03-02-10,15
2023-03-02-11,13
2023-03-02-12,14
2023-03-02-13,12
2023-03-02-14,13
2023-03-02-15,18
2023-03-02-16,18
2023-03-02-17,17
2023-03-02-18,16
2023-03-02-19,21
2023-03-02-20,12
2023-03-02-21,11
2023-03-02-22,11
2023-03-02-23,9
2023-03-03-0,28
2023-03-03-1,15
2023-03-03-2,31
2023-03-03-3,53
2023-03-03-5,6
2023-03-03-6,29
2023-03-03-7,11
2023-03-03-8,12
2023-03-03-9,20
2023-03-03-10,17
2023-03-03-11,14
2023-03-03-12,11
2023-03-03-13,17
2023-03-03-14,15
2023-03-03-15,16
2023-03-03-16,19
2023-03-03-17,16
2023-03-03-18,15
2023-03-03-19,17
2023-03-03-20,15
2023-03-03-21,22
2023-03-03-22,11
2023-03-03-23,10
2023-03-04-0,11
2023-03-04-1,31
2023-03-04-2,57
2023-03-04-3,24
2023-03-04-4,10
2023-03-04-5,44
2023-03-04-6,30
2023-03-04-7,12
2023-03-04-8,25
2023-03-04-9,16
2023-03-04-10,11
2023-03-04-11,16
2023-03-04-12,13
2023-03-04-13,14
2023-03-04-14,14
2023-03-04-15,23
2023-03-04-16,20
2023-03-04-17,19
2023-03-04-18,18
2023-03-04-19,24
2023-03-04-20,24
2023-03-04-21,10
2023-03-04-22,14
2023-03-04-23,11
2023-03-05-0,10
2023-03-05-1,11
2023-03-05-2,25
2023-03-05-3,33
2023-03-05-4,43
2023-03-05-5,20
2023-03-05-6,17
2023-03-05-7,12
2023-03-05-8,12
2023-03-05-9,17
2023-03-05-10,11
2023-03-05-11,11
2023-03-05-12,12
2023-03-05-13,14
2023-03-05-14,12
2023-03-05-15,14
2023-03-05-16,15
2023-03-05-17,17
2023-03-05-18,18
2023-03-05-19,11
2023-03-05-20,11
2023-03-05-21,16
2023-03-05-22,10
2023-03-05-23,11
2023-03-06-0,14
2023-03-06-1,20
2023-03-06-2,10
2023-03-06-3,41
2023-03-06-5,29
2023-03-06-6,20
2023-03-06-7,16
2023-03-06-8,12
2023-03-06-9,16
2023-03-06-10,20
2023-03-06-11,19
2023-03-06-12,14
2023-03-06-13,11
2023-03-06-14,12
2023-03-06-15,21
2023-03-06-16,10
2023-03-06-17,16
2023-03-06-18,12
2023-03-06-19,14
2023-03-06-20,10
2023-03-06-21,21
2023-03-06-22,17
2023-03-06-23,15
2023-03-07-0,14
2023-03-07-1,11
2023-03-07-2,11
2023-03-07-3,48
2023-03-07-4,48
2023-03-07-5,11
2023-03-07-6,30
2023-03-07-7,19
2023-03-07-8,19
2023-03-07-9,17
2023-03-07-10,15
2023-03-07-11,11
2023-03-07-12,10
2023-03-07-13,10
2023-03-07-14,16
2023-03-07-15,11
2023-03-07-16,19
2023-03-07-17,16
2023-03-07-18,16
2023-03-07-19,17
2023-03-07-20,12
2023-03-07-21,10
2023-03-07-22,11
2023-03-07-23,24
2023-03-08-0,43
2023-03-08-1,27
2023-03-08-2,17
2023-03-08-3,12
2023-03-08-4,53
2023-03-08-5,28
2023-03-08-6,30
2023-03-08-7,16
2023-03-08-8,18
2023-03-08-9,18
2023-03-08-10,23
2023-03-08-11,13
2023-03-08-12,9
2023-03-08-13,9
2023-03-08-14,11
2023-03-08-15,14
2023-03-08-16,18
2023-03-08-17,15
2023-03-08-18,14
2023-03-08-19,12
2023-03-08-20,10
2023-03-08-21,12
2023-03-08-22,11
2023-03-08-23,8
2023-03-09-0,28
2023-03-09-1,11
2023-03-09-2,16
2023-03-09-3,28
2023-03-09-4,25
2023-03-09-5,38
2023-03-09-6,34
2023-03-09-7,22
2023-03-09-8,17
2023-03-09-9,13
2023-03-09-10,22
2023-03-09-11,21
2023-03-09-12,11
2023-03-09-13,10
2023-03-09-14,18
2023-03-09-15,18
2023-03-09-16,20
2023-03-09-17,16
2023-03-09-18,11
2023-03-09-19,19
2023-03-09-20,14
2023-03-09-21,15
2023-03-09-22,11
2023-03-09-23,13
2023-03-10-0,8
2023-03-10-1,10
2023-03-10-2,8
2023-03-10-3,17
2023-03-10-4,28
2023-03-10-5,16
2023-03-10-6,13
2023-03-10-7,17
2023-03-10-8,22
2023-03-10-9,24
2023-03-10-10,22
2023-03-10-11,16
2023-03-10-12,19
2023-03-10-13,15
2023-03-10-14,21
2023-03-10-15,21
2023-03-10-16,19
2023-03-10-17,15
2023-03-10-18,14
2023-03-10-19,18
2023-03-10-20,18
2023-03-10-21,16
2023-03-10-22,17
2023-03-10-23,8
2023-03-11-0,15
2023-03-11-1,35
2023-03-11-2,31
2023-03-11-3,13
2023-03-11-4,44
2023-03-11-5,31
2023-03-11-6,15
2023-03-11-7,10
2023-03-11-8,12
2023-03-11-9,14
2023-03-11-10,21
2023-03-11-11,12
2023-03-11-12,10
2023-03-11-13,15
2023-03-11-14,10
2023-03-11-15,11
2023-03-11-16,10
2023-03-11-17,12
2023-03-11-18,12
2023-03-11-19,12
2023-03-11-20,11
2023-03-11-21,10
2023-03-11-22,32
2023-03-11-23,27
2023-03-12-0,24
2023-03-12-1,6
2023-03-12-2,14
2023-03-12-3,26
2023-03-12-4,34
2023-03-12-5,7
2023-03-12-6,15
2023-03-12-7,38
2023-03-12-8,13
2023-03-12-9,21
2023-03-12-10,19
2023-03-12-11,10
2023-03-12-12,13
2023-03-12-13,11
2023-03-12-14,36
2023-03-12-15,13
2023-03-12-16,23
2023-03-12-17,12
2023-03-12-18,18
2023-03-12-19,27
2023-03-12-20,28
2023-03-12-21,20
2023-03-12-22,13
2023-03-12-23,39
2023-03-13-0,23
2023-03-13-1,7
2023-03-13-2,8
2023-03-13-3,24
2023-03-13-4,48
2023-03-13-5,41
2023-03-13-6,31
2023-03-13-7,16
2023-03-13-8,14
2023-03-13-9,22
2023-03-13-10,17
2023-03-13-11,16
2023-03-13-12,11
2023-03-13-13,14
2023-03-13-14,18
2023-03-13-15,21
2023-03-13-16,13
2023-03-13-17,15
2023-03-13-18,15
2023-03-13-19,10
2023-03-13-20,10
2023-03-13-21,13
2023-03-13-22,12
2023-03-13-23,36
2023-03-14-0,38
2023-03-14-1,15
2023-03-14-2,10
2023-03-14-3,30
2023-03-14-4,51
2023-03-14-5,26
2023-03-14-6,27
2023-03-14-7,15
2023-03-14-8,19
2023-03-14-9,22
2023-03-14-10,24
2023-03-14-11,14
2023-03-14-12,10
2023-03-14-13,11
2023-03-14-14,12
2023-03-14-15,17
2023-03-14-16,14
2023-03-14-17,15
2023-03-14-18,11
2023-03-14-19,11
2023-03-14-20,10
2023-03-14-21,13
2023-03-14-22,12
2023-03-14-23,25
2023-03-15-0,19
2023-03-15-1,24
2023-03-15-2,2
2023-03-15-3,54
2023-03-15-4,42
2023-03-15-5,12
2023-03-15-6,30
2023-03-15-7,16
2023-03-15-8,13
2023-03-15-9,21
2023-03-15-10,19
2023-03-15-11,10
2023-03-15-12,13
2023-03-15-13,10
2023-03-15-14,12
2023-03-15-15,10
2023-03-15-16,21
2023-03-15-17,14
2023-03-15-18,15
2023-03-15-19,24
2023-03-15-20,20
2023-03-15-21,12
2023-03-15-22,12
2023-03-15-23,32
2023-03-16-0,47
2023-03-16-2,16
2023-03-16-3,14
2023-03-16-4,5
2023-03-16-5,8
2023-03-16-6,25
2023-03-16-7,15
2023-03-16-8,14
2023-03-16-9,16
2023-03-16-10,22
2023-03-16-11,15
2023-03-16-12,20
2023-03-16-13,15
2023-03-16-14,15
2023-03-16-15,16
2023-03-16-16,24
2023-03-16-17,19
2023-03-16-18,15
2023-03-16-19,12
2023-03-16-20,11
2023-03-16-21,15
2023-03-16-22,10
2023-03-16-23,11
2023-03-17-0,6
2023-03-17-1,36
2023-03-17-2,42
2023-03-17-3,17
2023-03-17-4,28
2023-03-17-5,40
2023-03-17-6,36
2023-03-17-7,21
2023-03-17-8,17
2023-03-17-9,17
2023-03-17-10,16
2023-03-17-11,20
2023-03-17-12,13
2023-03-17-13,11
2023-03-17-14,15
2023-03-17-15,11
2023-03-17-16,9
2023-03-17-17,12
2023-03-17-18,9
2023-03-17-19,13
2023-03-17-20,13
2023-03-17-21,11
2023-03-17-22,14
2023-03-17-23,18
2023-03-18-0,17
2023-03-18-1,16
2023-03-18-2,14
2023-03-18-3,12
2023-03-18-4,10
2023-03-18-5,11
2023-03-18-6,12
2023-03-18-7,17
2023-03-18-8,17
2023-03-18-9,12
2023-03-18-10,15
2023-03-18-11,9
2023-03-18-12,21
2023-03-18-13,17
2023-03-18-14,13
2023-03-18-15,15
2023-03-18-16,19
2023-03-18-17,12
2023-03-18-18,13
2023-03-18-19,10
2023-03-18-20,11
2023-03-18-21,10
2023-03-18-22,11
2023-03-18-23,12
2023-03-19-0,10
2023-03-19-1,7
2023-03-19-2,9
2023-03-19-3,12
2023-03-19-4,10
2023-03-19-5,12
2023-03-19-6,8
2023-03-19-7,11
2023-03-19-8,12
2023-03-19-9,12
2023-03-19-10,14
2023-03-19-11,10
2023-03-19-12,11
2023-03-19-13,14
2023-03-19-14,11
2023-03-19-15,10
2023-03-19-16,14
2023-03-19-17,15
2023-03-19-18,16
2023-03-19-19,19
2023-03-19-20,12
2023-03-19-21,10
2023-03-19-22,10
2023-03-19-23,12
2023-03-20-0,13
2023-03-20-1,12
2023-03-20-2,28
2023-03-20-3,13
2023-03-20-5,21
2023-03-20-6,32
2023-03-20-7,13
2023-03-20-8,11
2023-03-20-9,25
2023-03-20-10,19
2023-03-20-11,17
2023-03-20-12,10
2023-03-20-13,10
2023-03-20-14,15
2023-03-20-15,12
2023-03-20-16,14
2023-03-20-17,16
2023-03-20-18,13
2023-03-20-19,19
2023-03-20-20,15
2023-03-20-21,16
2023-03-20-22,11
2023-03-20-23,16
2023-03-21-0,12
2023-03-21-1,16
2023-03-21-2,48
2023-03-21-3,34
2023-03-21-5,31
2023-03-21-6,29
2023-03-21-7,14
2023-03-21-8,15
2023-03-21-9,24
2023-03-21-10,15
2023-03-21-11,22
2023-03-21-12,14
2023-03-21-13,10
2023-03-21-14,12
2023-03-21-15,16
2023-03-21-16,14
2023-03-21-17,17
2023-03-21-18,16
2023-03-21-19,14
2023-03-21-20,11
2023-03-21-21,17
2023-03-21-22,19
2023-03-21-23,15
2023-03-22-0,28
2023-03-22-2,7
2023-03-22-4,37
2023-03-22-5,14
2023-03-22-6,32
2023-03-22-7,16
2023-03-22-8,14
2023-03-22-9,12
2023-03-22-10,9
2023-03-22-11,9
2023-03-22-12,10
2023-03-22-13,10
2023-03-22-14,13
2023-03-22-15,16
2023-03-22-16,11
2023-03-22-17,15
2023-03-22-18,14
2023-03-22-19,19
2023-03-22-20,12
2023-03-22-21,11
2023-03-22-22,12
2023-03-22-23,39
2023-03-23-0,10
2023-03-23-1,48
2023-03-23-2,18
2023-03-23-3,52
2023-03-23-4,53
2023-03-23-5,38
2023-03-23-6,23
2023-03-23-7,15
2023-03-23-8,12
2023-03-23-9,12
2023-03-23-10,17
2023-03-23-11,11
2023-03-23-12,20
2023-03-23-13,13
2023-03-23-14,18
2023-03-23-15,15
2023-03-23-16,15
2023-03-23-17,15
2023-03-23-18,15
2023-03-23-19,16
2023-03-23-20,21
2023-03-23-21,11
2023-03-23-22,12
2023-03-23-23,8
2023-03-24-0,15
2023-03-24-1,24
2023-03-24-2,21
2023-03-24-3,12
2023-03-24-4,12
2023-03-24-5,13
2023-03-24-6,30
2023-03-24-7,12
2023-03-24-8,13
2023-03-24-9,15
2023-03-24-10,19
2023-03-24-11,18
2023-03-24-12,14
2023-03-24-13,10
2023-03-24-14,17
2023-03-24-15,10
2023-03-24-16,17
2023-03-24-17,14
2023-03-24-18,15
2023-03-24-19,12
2023-03-24-20,13
2023-03-24-21,11
2023-03-24-22,13
2023-03-24-23,11
2023-03-25-0,5
2023-03-25-1,15
2023-03-25-2,9
2023-03-25-3,15
2023-03-25-4,12
2023-03-25-5,21
2023-03-25-6,19
2023-03-25-7,9
2023-03-25-8,20
2023-03-25-9,19
2023-03-25-10,22
2023-03-25-11,13
2023-03-25-12,10
2023-03-25-13,10
2023-03-25-14,9
2023-03-25-15,10
2023-03-25-16,10
2023-03-25-17,11
2023-03-25-18,13
2023-03-25-19,19
2023-03-25-20,12
2023-03-25-21,10
2023-03-25-22,22
2023-03-25-23,11
2023-03-26-0,9
2023-03-26-1,11
2023-03-26-2,9
2023-03-26-3,42
2023-03-26-4,10
2023-03-26-5,30
2023-03-26-6,7
2023-03-26-7,13
2023-03-26-8,13
2023-03-26-9,15
2023-03-26-10,17
2023-03-26-11,10
2023-03-26-12,12
2023-03-26-13,12
2023-03-26-14,12
2023-03-26-15,12
2023-03-26-16,16
2023-03-26-17,20
2023-03-26-18,15
2023-03-26-19,11
2023-03-26-20,12
2023-03-26-21,7
2023-03-26-22,20
2023-03-26-23,10
2023-03-27-0,13
2023-03-27-1,11
2023-03-27-2,10
2023-03-27-3,19
2023-03-27-4,26
2023-03-27-6,31
2023-03-27-7,17
2023-03-27-8,17
2023-03-27-9,23
2023-03-27-10,22
2023-03-27-11,12
2023-03-27-12,11
2023-03-27-13,10
2023-03-27-14,14
2023-03-27-15,15
2023-03-27-16,12
2023-03-27-17,16
2023-03-27-18,15
2023-03-27-19,11
2023-03-27-20,12
2023-03-27-21,14
2023-03-27-22,16
2023-03-27-23,13
2023-03-28-0,11
2023-03-28-1,5
2023-03-28-2,4
2023-03-28-3,7
2023-03-28-4,5
2023-03-28-5,20
2023-03-28-6,12
2023-03-28-7,18
2023-03-28-8,10
2023-03-28-9,11
2023-03-28-10,10
2023-03-28-11,10
2023-03-28-12,11
2023-03-28-13,10
2023-03-28-14,14
2023-03-28-15,13
2023-03-28-16,9
2023-03-28-17,15
2023-03-28-18,17
2023-03-28-19,11
2023-03-28-20,10
2023-03-28-21,12
2023-03-28-22,13
2023-03-28-23,10
2023-03-29-0,13
2023-03-29-1,53
2023-03-29-2,14
2023-03-29-4,23
2023-03-29-5,12
2023-03-29-6,12
2023-03-29-7,21
2023-03-29-8,15
2023-03-29-9,10
2023-03-29-10,17
2023-03-29-11,12
2023-03-29-12,10
2023-03-29-13,9
2023-03-29-14,11
2023-03-29-15,19
2023-03-29-16,12
2023-03-29-17,17
2023-03-29-18,16
2023-03-29-19,11
2023-03-29-20,10
2023-03-29-21,12
2023-03-29-22,18
2023-03-29-23,11
2023-03-30-1,4
2023-03-30-2,13
2023-03-30-3,16
2023-03-30-4,4
2023-03-30-5,35
2023-03-30-6,41
2023-03-30-7,15
2023-03-30-8,11
2023-03-30-9,11
2023-03-30-10,14
2023-03-30-11,19
2023-03-30-12,11
2023-03-30-13,10
2023-03-30-14,13
2023-03-30-15,16
2023-03-30-16,13
2023-03-30-17,18
2023-03-30-18,15
2023-03-30-19,14
2023-03-30-20,14
2023-03-30-21,11
2023-03-30-22,17
2023-03-30-23,29
2023-03-31-0,17
2023-03-31-1,14
2023-03-31-2,20
2023-03-31-3,38
2023-03-31-4,17
2023-03-31-5,30
2023-03-31-6,14
2023-03-31-7,11
2023-03-31-8,12
2023-03-31-9,15
2023-03-31-10,11
2023-03-31-11,12
2023-03-31-12,11
2023-03-31-13,11
2023-03-31-14,20
2023-03-31-15,13
2023-03-31-16,13
2023-03-31-17,14
2023-03-31-18,17
2023-03-31-19,20
2023-03-31-20,18
2023-03-31-21,10
2023-03-31-22,14
2023-03-31-23,11
2023-04-01-0,21
2023-04-01-1,31
2023-04-01-2,40
2023-04-01-3,55
2023-04-01-4,53
2023-04-01-5,8
2023-04-01-6,9
2023-04-01-7,14
2023-04-01-8,13
2023-04-01-9,14
2023-04-01-10,11
2023-04-01-11,12
2023-04-01-12,11
2023-04-01-13,10
2023-04-01-14,10
2023-04-01-15,10
2023-04-01-16,11
2023-04-01-17,10
2023-04-01-18,11
2023-04-01-19,15
2023-04-01-20,9
2023-04-01-21,12
2023-04-01-22,13
2023-04-01-23,13
2023-04-02-0,14
2023-04-02-1,31
2023-04-02-2,42
2023-04-02-3,12
2023-04-02-4,40
2023-04-02-5,13
2023-04-02-6,9
2023-04-02-7,13
2023-04-02-8,14
2023-04-02-9,12
2023-04-02-10,11
2023-04-02-11,11
2023-04-02-12,12
2023-04-02-13,10
2023-04-02-14,12
2023-04-02-15,10
2023-04-02-16,10
2023-04-02-17,12
2023-04-02-18,16
2023-04-02-19,14
2023-04-02-20,12
2023-04-02-21,13
2023-04-02-22,11
2023-04-02-23,16
2023-04-03-0,44
2023-04-03-1,30
2023-04-03-2,21
2023-04-03-6,31
2023-04-03-7,14
2023-04-03-8,14
2023-04-03-9,12
2023-04-03-10,13
2023-04-03-11,12
2023-04-03-12,10
2023-04-03-13,13
2023-04-03-14,11
2023-04-03-15,11
2023-04-03-16,11
2023-04-03-17,14
2023-04-03-18,15
2023-04-03-19,11
2023-04-03-20,12
2023-04-03-21,10
2023-04-03-22,17
2023-04-03-23,9
2023-04-04-0,45
2023-04-04-1,15
2023-04-04-2,7
2023-04-04-3,19
2023-04-04-4,19
2023-04-04-5,10
2023-04-04-6,13
2023-04-04-7,18
2023-04-04-8,11
2023-04-04-9,22
2023-04-04-10,11
2023-04-04-11,10
2023-04-04-12,11
2023-04-04-13,9
2023-04-04-14,9
2023-04-04-15,11
2023-04-04-16,10
2023-04-04-17,16
2023-04-04-18,13
2023-04-04-19,11
2023-04-04-20,13
2023-04-04-21,31
2023-04-04-22,11
2023-04-04-23,12
2023-04-05-0,47
2023-04-05-1,43
2023-04-05-2,7
2023-04-05-3,23
2023-04-05-4,44
2023-04-05-5,17
2023-04-05-6,25
2023-04-05-7,16
2023-04-05-8,15
2023-04-05-9,13
2023-04-05-10,11
2023-04-05-11,16
2023-04-05-12,10
2023-04-05-13,12
2023-04-05-14,14
2023-04-05-15,16
2023-04-05-16,12
2023-04-05-17,18
2023-04-05-18,15
2023-04-05-19,20
2023-04-05-20,19
2023-04-05-21,11
2023-04-05-22,9
2023-04-05-23,25
2023-04-06-0,27
2023-04-06-1,27
2023-04-06-2,14
2023-04-06-3,31
2023-04-06-4,5
2023-04-06-5,36
2023-04-06-6,41
2023-04-06-7,20
2023-04-06-8,12
2023-04-06-9,20
2023-04-06-10,16
2023-04-06-11,16
2023-04-06-12,13
2023-04-06-13,21
2023-04-06-14,14
2023-04-06-15,13
2023-04-06-16,18
2023-04-06-17,19
2023-04-06-18,16
2023-04-06-19,14
2023-04-06-20,24
2023-04-06-21,19
2023-04-06-22,17
2023-04-06-23,8
2023-04-07-0,8
2023-04-07-1,42
2023-04-07-2,45
2023-04-07-3,28
2023-04-07-4,27
2023-04-07-5,12
2023-04-07-6,10
2023-04-07-7,11
2023-04-07-8,44
2023-04-07-9,29
2023-04-07-10,17
2023-04-07-11,11
2023-04-07-12,17
2023-04-07-13,9
2023-04-07-14,11
2023-04-07-15,21
2023-04-07-16,26
2023-04-07-17,19
2023-04-07-18,13
2023-04-07-19,11
2023-04-07-20,10
2023-04-07-21,12
2023-04-07-22,13
2023-04-07-23,12
2023-04-08-0,9
2023-04-08-1,32
2023-04-08-2,11
2023-04-08-3,12
2023-04-08-4,47
2023-04-08-5,43
2023-04-08-6,16
2023-04-08-7,11
2023-04-08-8,10
2023-04-08-9,13
2023-04-08-10,10
2023-04-08-11,10
2023-04-08-12,9
2023-04-08-13,8
2023-04-08-14,10
2023-04-08-15,11
2023-04-08-16,10
2023-04-08-17,12
2023-04-08-18,11
2023-04-08-19,9
2023-04-08-20,11
2023-04-08-21,10
2023-04-08-22,10
2023-04-08-23,26
2023-04-09-0,11
2023-04-09-1,25
2023-04-09-2,31
2023-04-09-3,25
2023-04-09-4,27
2023-04-09-5,10
2023-04-09-6,18
2023-04-09-7,11
2023-04-09-8,12
2023-04-09-9,14
2023-04-09-10,14
2023-04-09-11,17
2023-04-09-12,11
2023-04-09-13,12
2023-04-09-14,14
2023-04-09-15,18
2023-04-09-16,13
2023-04-09-17,11
2023-04-09-18,13
2023-04-09-19,15
2023-04-09-20,18
2023-04-09-21,11
2023-04-09-22,14
2023-04-09-23,11
2023-04-10-0,26
2023-04-10-1,6
2023-04-10-2,9
2023-04-10-4,15
2023-04-10-5,13
2023-04-10-6,23
2023-04-10-7,14
2023-04-10-8,11
2023-04-10-9,14
2023-04-10-10,13
2023-04-10-11,21
2023-04-10-12,18
2023-04-10-13,16
2023-04-10-14,18
2023-04-10-15,13
2023-04-10-16,17
2023-04-10-17,17
2023-04-10-18,14
2023-04-10-19,10
2023-04-10-20,12
2023-04-10-21,12
2023-04-10-22,20
2023-04-10-23,37
2023-04-11-0,16
2023-04-11-1,13
2023-04-11-2,23
2023-04-11-3,65
2023-04-11-4,24
2023-04-11-5,7
2023-04-11-6,37
2023-04-11-7,13
2023-04-11-8,20
2023-04-11-9,19
2023-04-11-10,30
2023-04-11-11,9
2023-04-11-12,12
2023-04-11-13,10
2023-04-11-14,16
2023-04-11-15,13
2023-04-11-16,13
2023-04-11-17,13
2023-04-11-18,15
2023-04-11-19,16
2023-04-11-20,10
2023-04-11-21,9
2023-04-11-22,12
2023-04-11-23,17
2023-04-12-0,9
2023-04-12-1,15
2023-04-12-2,23
2023-04-12-3,23
2023-04-12-4,8
2023-04-12-5,17
2023-04-12-6,34
2023-04-12-7,18
2023-04-12-8,10
2023-04-12-9,25
2023-04-12-10,12
2023-04-12-11,9
2023-04-12-12,21
2023-04-12-13,11
2023-04-12-14,16
2023-04-12-15,16
2023-04-12-16,15
2023-04-12-17,11
2023-04-12-18,15
2023-04-12-19,17
2023-04-12-20,19
2023-04-12-21,12
2023-04-12-22,10
2023-04-12-23,11
2023-04-13-0,7
2023-04-13-1,50
2023-04-13-2,61
2023-04-13-4,48
2023-04-13-5,36
2023-04-13-6,31
2023-04-13-7,20
2023-04-13-8,16
2023-04-13-9,18
2023-04-13-10,15
2023-04-13-11,16
2023-04-13-12,12
2023-04-13-13,11
2023-04-13-14,18
2023-04-13-15,16
2023-04-13-16,16
2023-04-13-17,11
2023-04-13-18,13
2023-04-13-19,13
2023-04-13-20,13
2023-04-13-21,22
2023-04-13-22,11
2023-04-13-23,16
2023-04-14-0,32
2023-04-14-1,36
2023-04-14-2,2
2023-04-14-3,9
2023-04-14-4,11
2023-04-14-5,45
2023-04-14-6,39
2023-04-14-7,18
2023-04-14-8,21
2023-04-14-9,20
2023-04-14-10,21
2023-04-14-11,18
2023-04-14-12,9
2023-04-14-13,14
2023-04-14-14,20
2023-04-14-15,12
2023-04-14-16,16
2023-04-14-17,16
2023-04-14-18,17
2023-04-14-19,25
2023-04-14-20,30
2023-04-14-21,11
2023-04-14-22,11
2023-04-14-23,15
2023-04-15-0,12
2023-04-15-1,36
2023-04-15-2,21
2023-04-15-3,17
2023-04-15-4,11
2023-04-15-5,12
2023-04-15-6,15
2023-04-15-7,13
2023-04-15-8,12
2023-04-15-9,11
2023-04-15-10,11
2023-04-15-11,11
2023-04-15-12,15
2023-04-15-13,12
2023-04-15-14,14
2023-04-15-15,14
2023-04-15-16,11
2023-04-15-17,12
2023-04-15-18,11
2023-04-15-19,9
2023-04-15-20,10
2023-04-15-21,11
2023-04-15-22,11
2023-04-15-23,14
2023-04-16-0,11
2023-04-16-1,13
2023-04-16-2,13
2023-04-16-3,38
2023-04-16-4,11
2023-04-16-5,21
2023-04-16-6,14
2023-04-16-7,12
2023-04-16-8,12
2023-04-16-9,18
2023-04-16-10,11
2023-04-16-11,11
2023-04-16-12,11
2023-04-16-13,14
2023-04-16-14,14
2023-04-16-15,10
2023-04-16-16,11
2023-04-16-17,13
2023-04-16-18,11
2023-04-16-19,11
2023-04-16-20,12
2023-04-16-21,11
2023-04-16-22,12
2023-04-16-23,12
2023-04-17-0,12
2023-04-17-1,35
2023-04-17-2,54
2023-04-17-3,59
2023-04-17-5,48
2023-04-17-6,28
2023-04-17-7,15
2023-04-17-8,13
2023-04-17-9,15
2023-04-17-10,10
2023-04-17-11,11
2023-04-17-12,12
2023-04-17-13,11
2023-04-17-14,21
2023-04-17-15,15
2023-04-17-16,16
2023-04-17-17,16
2023-04-17-18,16
2023-04-17-19,19
2023-04-17-20,11
2023-04-17-21,24
2023-04-17-22,17
2023-04-17-23,33
2023-04-18-0,13
2023-04-18-1,39
2023-04-18-3,11
2023-04-18-4,57
2023-04-18-5,25
2023-04-18-6,30
2023-04-18-7,16
2023-04-18-8,18
2023-04-18-9,11
2023-04-18-10,19
2023-04-18-11,15
2023-04-18-12,10
2023-04-18-13,10
2023-04-18-14,12
2023-04-18-15,16
2023-04-18-16,11
2023-04-18-17,13
2023-04-18-18,14
2023-04-18-19,11
2023-04-18-20,11
2023-04-18-21,9
2023-04-18-22,13
2023-04-18-23,20
2023-04-19-0,18
2023-04-19-1,40
2023-04-19-2,4
2023-04-19-3,12
2023-04-19-5,4
2023-04-19-6,23
2023-04-19-7,17
2023-04-19-8,12
2023-04-19-9,26
2023-04-19-10,17
2023-04-19-11,12
2023-04-19-12,10
2023-04-19-13,15
2023-04-19-14,20
2023-04-19-15,23
2023-04-19-16,18
2023-04-19-17,18
2023-04-19-18,16
2023-04-19-19,20
2023-04-19-20,10
2023-04-19-21,12
2023-04-19-22,10
2023-04-19-23,13
2023-04-20-0,10
2023-04-20-1,21
2023-04-20-2,17
2023-04-20-3,47
2023-04-20-4,25
2023-04-20-5,5
2023-04-20-6,40
2023-04-20-7,11
2023-04-20-8,13
2023-04-20-9,16
2023-04-20-10,13
2023-04-20-11,21
2023-04-20-12,10
2023-04-20-13,11
2023-04-20-14,14
2023-04-20-15,18
2023-04-20-16,17
2023-04-20-17,13
2023-04-20-18,13
2023-04-20-19,15
2023-04-20-20,19
2023-04-20-21,19
2023-04-20-22,16
2023-04-20-23,11
2023-04-21-0,14
2023-04-21-1,8
2023-04-21-2,8
2023-04-21-3,16
2023-04-21-4,9
2023-04-21-5,35
2023-04-21-6,16
2023-04-21-7,17
2023-04-21-8,20
2023-04-21-9,17
2023-04-21-10,22
2023-04-21-11,12
2023-04-21-12,11
2023-04-21-13,16
2023-04-21-14,17
2023-04-21-15,14
2023-04-21-16,11
2023-04-21-17,11
2023-04-21-18,12
2023-04-21-19,12
2023-04-21-20,10
2023-04-21-21,12
2023-04-21-22,13
2023-04-21-23,10
2023-04-22-0,17
2023-04-22-1,8
2023-04-22-2,6
2023-04-22-3,19
2023-04-22-4,12
2023-04-22-5,7
2023-04-22-6,19
2023-04-22-7,11
2023-04-22-8,9
2023-04-22-9,11
2023-04-22-10,11
2023-04-22-11,13
2023-04-22-12,11
2023-04-22-13,10
2023-04-22-14,11
2023-04-22-15,11
2023-04-22-16,10
2023-04-22-17,11
2023-04-22-18,11
2023-04-22-19,11
2023-04-22-20,10
2023-04-22-21,10
2023-04-22-22,13
2023-04-22-23,11
2023-04-23-0,24
2023-04-23-1,8
2023-04-23-2,27
2023-04-23-3,5
2023-04-23-4,10
2023-04-23-5,12
2023-04-23-6,13
2023-04-23-7,9
2023-04-23-8,12
2023-04-23-9,17
2023-04-23-10,21
2023-04-23-11,14
2023-04-23-12,11
2023-04-23-13,16
2023-04-23-14,15
2023-04-23-15,21
2023-04-23-16,19
2023-04-23-17,14
2023-04-23-18,11
2023-04-23-19,12
2023-04-23-20,18
2023-04-23-21,27
2023-04-23-22,11
2023-04-23-23,9
2023-04-24-0,35
2023-04-24-1,11
2023-04-24-2,11
2023-04-24-3,15
2023-04-24-4,12
2023-04-24-5,36
2023-04-24-6,26
2023-04-24-7,20
2023-04-24-8,20
2023-04-24-9,19
2023-04-24-10,23
2023-04-24-11,21
2023-04-24-12,16
2023-04-24-13,12
2023-04-24-14,14
2023-04-24-15,10
2023-04-24-16,19
2023-04-24-17,15
2023-04-24-18,13
2023-04-24-19,10
2023-04-24-20,11
2023-04-24-21,10
2023-04-24-22,15
2023-04-24-23,32
2023-04-25-0,12
2023-04-25-1,14
2023-04-25-2,0
2023-04-25-3,3
2023-04-25-4,30
2023-04-25-5,24
2023-04-25-6,21
2023-04-25-7,19
2023-04-25-8,21
2023-04-25-9,21
2023-04-25-10,19
2023-04-25-11,18
2023-04-25-12,15
2023-04-25-13,16
2023-04-25-14,19
2023-04-25-15,16
2023-04-25-16,17
2023-04-25-17,18
2023-04-25-18,11
2023-04-25-19,11
2023-04-25-20,15
2023-04-25-21,8
2023-04-25-22,12
2023-04-25-23,11
2023-04-26-0,8
2023-04-26-2,24
2023-04-26-3,31
2023-04-26-4,20
2023-04-26-5,48
2023-04-26-6,29
2023-04-26-7,19
2023-04-26-8,16
2023-04-26-9,16
2023-04-26-10,11
2023-04-26-11,21
2023-04-26-12,13
2023-04-26-13,14
2023-04-26-14,12
2023-04-26-15,13
2023-04-26-16,13
2023-04-26-17,15
2023-04-26-18,12
2023-04-26-19,9
2023-04-26-20,18
2023-04-26-21,14
2023-04-26-22,14
2023-04-26-23,24
2023-04-27-0,5
2023-04-27-1,7
2023-04-27-2,48
2023-04-27-3,36
2023-04-27-4,15
2023-04-27-5,23
2023-04-27-6,20
2023-04-27-7,15
2023-04-27-8,20
2023-04-27-9,21
2023-04-27-10,23
2023-04-27-11,14
2023-04-27-12,20
2023-04-27-13,11
2023-04-27-14,13
2023-04-27-15,18
2023-04-27-16,20
2023-04-27-17,19
2023-04-27-18,16
2023-04-27-19,18
2023-04-27-20,21
2023-04-27-21,12
2023-04-27-22,12
2023-04-27-23,35
2023-04-28-0,13
2023-04-28-1,9
2023-04-28-2,16
2023-04-28-4,34
2023-04-28-5,42
2023-04-28-6,40
2023-04-28-7,14
2023-04-28-8,13
2023-04-28-9,27
2023-04-28-10,17
2023-04-28-11,13
2023-04-28-12,18
2023-04-28-13,15
2023-04-28-14,17
2023-04-28-15,18
2023-04-28-16,13
2023-04-28-17,13
2023-04-28-18,19
2023-04-28-19,22
2023-04-28-20,19
2023-04-28-21,21
2023-04-28-22,9
2023-04-28-23,12
2023-04-29-0,28
2023-04-29-1,13
2023-04-29-2,40
2023-04-29-3,21
2023-04-29-4,16
2023-04-29-5,10
2023-04-29-6,13
2023-04-29-7,27
2023-04-29-8,23
2023-04-29-9,18
2023-04-29-10,18
2023-04-29-11,17
2023-04-29-12,19
2023-04-29-13,17
2023-04-29-14,10
2023-04-29-15,17
2023-04-29-16,15
2023-04-29-17,11
2023-04-29-18,19
2023-04-29-19,26
2023-04-29-20,10
2023-04-29-21,11
2023-04-29-22,10
2023-04-29-23,10
2023-04-30-0,7
2023-04-30-1,12
2023-04-30-2,10
2023-04-30-3,8
2023-04-30-4,25
2023-04-30-5,13
2023-04-30-6,12
2023-04-30-7,9
2023-04-30-8,12
2023-04-30-9,12
2023-04-30-10,16
2023-04-30-11,12
2023-04-30-12,14
2023-04-30-13,12
2023-04-30-14,11
2023-04-30-15,10
2023-04-30-16,16
2023-04-30-17,17
2023-04-30-18,17
2023-04-30-19,13
2023-04-30-20,20
2023-04-30-21,12
2023-04-30-22,18
2023-04-30-23,10
2023-05-01-0,13
2023-05-01-1,34
2023-05-01-2,9
2023-05-01-3,51
2023-05-01-4,54
2023-05-01-5,52
2023-05-01-6,16
2023-05-01-7,13
2023-05-01-8,12
2023-05-01-9,17
2023-05-01-10,21
2023-05-01-11,20
2023-05-01-12,18
2023-05-01-13,23
2023-05-01-14,17
2023-05-01-15,10
2023-05-01-16,13
2023-05-01-17,15
2023-05-01-18,11
2023-05-01-19,20
2023-05-01-20,23
2023-05-01-21,13
2023-05-01-22,15
2023-05-01-23,16
2023-05-02-0,14
2023-05-02-1,35
2023-05-02-2,16
2023-05-02-3,30
2023-05-02-5,10
2023-05-02-6,30
2023-05-02-7,18
2023-05-02-8,18
2023-05-02-9,11
2023-05-02-10,20
2023-05-02-11,13
2023-05-02-12,11
2023-05-02-13,11
2023-05-02-14,17
2023-05-02-15,17
2023-05-02-16,15
2023-05-02-17,16
2023-05-02-18,14
2023-05-02-19,10
2023-05-02-20,13
2023-05-02-21,29
2023-05-02-22,12
2023-05-02-23,19
2023-05-03-0,10
2023-05-03-1,21
2023-05-03-2,55
2023-05-03-3,17
2023-05-03-5,23
2023-05-03-6,33
2023-05-03-7,17
2023-05-03-8,13
2023-05-03-9,10
2023-05-03-10,12
2023-05-03-11,12
2023-05-03-12,9
2023-05-03-13,10
2023-05-03-14,14
2023-05-03-15,11
2023-05-03-16,17
2023-05-03-17,15
2023-05-03-18,16
2023-05-03-19,15
2023-05-03-20,11
2023-05-03-21,14
2023-05-03-22,9
2023-05-03-23,19
2023-05-04-0,44
2023-05-04-1,7
2023-05-04-2,48
2023-05-04-3,56
2023-05-04-4,47
2023-05-04-5,15
2023-05-04-6,37
2023-05-04-7,17
2023-05-04-8,17
2023-05-04-9,19
2023-05-04-10,22
2023-05-04-11,15
2023-05-04-12,11
2023-05-04-13,11
2023-05-04-14,18
2023-05-04-15,12
2023-05-04-16,19
2023-05-04-17,15
2023-05-04-18,17
2023-05-04-19,14
2023-05-04-20,9
2023-05-04-21,13
2023-05-04-22,12
2023-05-04-23,11
2023-05-05-0,9
2023-05-05-1,41
2023-05-05-2,29
2023-05-05-3,66
2023-05-05-4,27
2023-05-05-5,20
2023-05-05-6,37
2023-05-05-7,10
2023-05-05-8,13
2023-05-05-9,22
2023-05-05-10,11
2023-05-05-11,13
2023-05-05-12,10
2023-05-05-13,10
2023-05-05-14,11
2023-05-05-15,14
2023-05-05-16,16
2023-05-05-17,15
2023-05-05-18,14
2023-05-05-19,16
2023-05-05-20,22
2023-05-05-21,12
2023-05-05-22,13
2023-05-05-23,26
2023-05-06-0,23
2023-05-06-1,8
2023-05-06-2,19
2023-05-06-3,9
2023-05-06-4,10
2023-05-06-5,17
2023-05-06-6,24
2023-05-06-7,11
2023-05-06-8,15
2023-05-06-9,15
2023-05-06-10,14
2023-05-06-11,11
2023-05-06-12,9
2023-05-06-13,13
2023-05-06-14,10
2023-05-06-15,9
2023-05-06-16,14
2023-05-06-17,11
2023-05-06-18,11
2023-05-06-19,10
2023-05-06-20,10
2023-05-06-21,9
2023-05-06-22,10
2023-05-06-23,13
2023-05-07-0,13
2023-05-07-1,58
2023-05-07-2,5
2023-05-07-3,49
2023-05-07-6,40
2023-05-07-7,13
2023-05-07-8,11
2023-05-07-9,12
2023-05-07-10,9
2023-05-07-11,10
2023-05-07-12,13
2023-05-07-13,11
2023-05-07-14,12
2023-05-07-15,12
2023-05-07-16,14
2023-05-07-17,12
2023-05-07-18,14
2023-05-07-19,11
2023-05-07-20,11
2023-05-07-21,11
2023-05-07-22,12
2023-05-07-23,13
2023-05-08-0,13
2023-05-08-1,13
2023-05-08-2,9
2023-05-08-3,11
2023-05-08-4,18
2023-05-08-5,23
2023-05-08-6,16
2023-05-08-7,19
2023-05-08-8,12
2023-05-08-9,16
2023-05-08-10,13
2023-05-08-11,11
2023-05-08-12,10
2023-05-08-13,11
2023-05-08-14,12
2023-05-08-15,17
2023-05-08-16,16
2023-05-08-17,16
2023-05-08-18,13
2023-05-08-19,11
2023-05-08-20,10
2023-05-08-21,12
2023-05-08-22,30
2023-05-08-23,14
2023-05-09-0,10
2023-05-09-1,12
2023-05-09-2,23
2023-05-09-5,18
2023-05-09-6,27
2023-05-09-7,15
2023-05-09-8,12
2023-05-09-9,13
2023-05-09-10,21
2023-05-09-11,14
2023-05-09-12,10
2023-05-09-13,13
2023-05-09-14,13
2023-05-09-15,18
2023-05-09-16,21
2023-05-09-17,14
2023-05-09-18,12
2023-05-09-19,14
2023-05-09-20,11
2023-05-09-21,13
2023-05-09-22,29
2023-05-09-23,13
2023-05-10-0,18
2023-05-10-1,19
2023-05-10-2,49
2023-05-10-5,38
2023-05-10-6,35
2023-05-10-7,16
2023-05-10-8,11
2023-05-10-9,21
2023-05-10-10,14
2023-05-10-11,10
2023-05-10-12,11
2023-05-10-13,11
2023-05-10-14,13
2023-05-10-15,17
2023-05-10-16,10
2023-05-10-17,17
2023-05-10-18,12
2023-05-10-19,10
2023-05-10-20,9
2023-05-10-21,10
2023-05-10-22,12
2023-05-10-23,13
2023-05-11-0,8
2023-05-11-1,15
2023-05-11-2,11
2023-05-11-3,14
2023-05-11-4,18
2023-05-11-5,30
2023-05-11-6,32
2023-05-11-7,15
2023-05-11-8,18
2023-05-11-9,13
2023-05-11-10,13
2023-05-11-11,11
2023-05-11-12,10
2023-05-11-13,16
2023-05-11-14,15
2023-05-11-15,15
2023-05-11-16,11
2023-05-11-17,18
2023-05-11-18,18
2023-05-11-19,16
2023-05-11-20,9
2023-05-11-21,12
2023-05-11-22,12
2023-05-11-23,10
2023-05-12-0,11
2023-05-12-1,39
2023-05-12-2,9
2023-05-12-3,16
2023-05-12-4,27
2023-05-12-5,7
2023-05-12-6,14
2023-05-12-7,16
2023-05-12-8,11
2023-05-12-9,13
2023-05-12-10,33
2023-05-12-11,11
2023-05-12-12,9
2023-05-12-13,12
2023-05-12-14,14
2023-05-12-15,21
2023-05-12-16,17
2023-05-12-17,16
2023-05-12-18,17
2023-05-12-19,11
2023-05-12-20,10
2023-05-12-21,14
2023-05-12-22,11
2023-05-12-23,12
2023-05-13-0,11
2023-05-13-1,33
2023-05-13-2,30
2023-05-13-3,11
2023-05-13-4,34
2023-05-13-5,29
2023-05-13-6,10
2023-05-13-7,12
2023-05-13-8,10
2023-05-13-9,14
2023-05-13-10,12
2023-05-13-11,11
2023-05-13-12,9
2023-05-13-13,9
2023-05-13-14,9
2023-05-13-15,10
2023-05-13-16,10
2023-05-13-17,10
2023-05-13-18,13
2023-05-13-19,11
2023-05-13-20,10
2023-05-13-21,13
2023-05-13-22,10
2023-05-13-23,10
2023-05-14-0,7
2023-05-14-1,17
2023-05-14-2,11
2023-05-14-3,10
2023-05-14-4,13
2023-05-14-5,53
2023-05-14-6,16
2023-05-14-7,14
2023-05-14-8,11
2023-05-14-9,10
2023-05-14-10,10
2023-05-14-11,13
2023-05-14-12,9
2023-05-14-13,9
2023-05-14-14,13
2023-05-14-15,11
2023-05-14-16,16
2023-05-14-17,13
2023-05-14-18,22
2023-05-14-19,16
2023-05-14-20,10
2023-05-14-21,14
2023-05-14-22,10
2023-05-14-23,15
2023-05-15-0,16
2023-05-15-1,17
2023-05-15-2,15
2023-05-15-3,6
2023-05-15-5,29
2023-05-15-6,36
2023-05-15-7,20
2023-05-15-8,10
2023-05-15-9,10
2023-05-15-10,12
2023-05-15-11,11
2023-05-15-12,11
2023-05-15-13,11
2023-05-15-14,17
2023-05-15-15,18
2023-05-15-16,19
2023-05-15-17,14
2023-05-15-18,18
2023-05-15-19,17
2023-05-15-20,12
2023-05-15-21,11
2023-05-15-22,11
2023-05-15-23,37
2023-05-16-0,10
2023-05-16-1,1
2023-05-16-4,55
2023-05-16-5,15
2023-05-16-6,32
2023-05-16-7,17
2023-05-16-8,18
2023-05-16-9,12
2023-05-16-10,18
2023-05-16-11,11
2023-05-16-12,12
2023-05-16-13,14
2023-05-16-14,12
2023-05-16-15,13
2023-05-16-16,10
2023-05-16-17,15
2023-05-16-18,12
2023-05-16-19,12
2023-05-16-20,9
2023-05-16-21,12
2023-05-16-22,22
2023-05-16-23,10
2023-05-17-0,14
2023-05-17-1,18
2023-05-17-2,46
2023-05-17-4,23
2023-05-17-5,17
2023-05-17-6,15
2023-05-17-7,17
2023-05-17-8,11
2023-05-17-9,19
2023-05-17-10,11
2023-05-17-11,12
2023-05-17-12,17
2023-05-17-13,11
2023-05-17-14,11
2023-05-17-15,11
2023-05-17-16,12
2023-05-17-17,14
2023-05-17-18,17
2023-05-17-19,11
2023-05-17-20,12
2023-05-17-21,10
2023-05-17-22,13
2023-05-17-23,11
2023-05-18-0,7
2023-05-18-1,22
2023-05-18-2,14
2023-05-18-3,50
2023-05-18-4,28
2023-05-18-5,13
2023-05-18-6,13
2023-05-18-7,16
2023-05-18-8,14
2023-05-18-9,12
2023-05-18-10,18
2023-05-18-11,12
2023-05-18-12,11
2023-05-18-13,10
2023-05-18-14,16
2023-05-18-15,19
2023-05-18-16,19
2023-05-18-17,15
2023-05-18-18,15
2023-05-18-19,15
2023-05-18-20,10
2023-05-18-21,12
2023-05-18-22,11
2023-05-18-23,11
2023-05-19-0,38
2023-05-19-1,12
2023-05-19-2,7
2023-05-19-5,54
2023-05-19-6,16
2023-05-19-7,18
2023-05-19-8,11
2023-05-19-9,11
2023-05-19-10,15
2023-05-19-11,15
2023-05-19-12,15
2023-05-19-13,12
2023-05-19-14,15
2023-05-19-15,18
2023-05-19-16,18
2023-05-19-17,12
2023-05-19-18,14
2023-05-19-19,20
2023-05-19-20,18
2023-05-19-21,12
2023-05-19-22,19
2023-05-19-23,25
2023-05-20-0,8
2023-05-20-1,29
2023-05-20-2,24
2023-05-20-3,6
2023-05-20-4,34
2023-05-20-5,13
2023-05-20-6,16
2023-05-20-7,11
2023-05-20-8,18
2023-05-20-9,14
2023-05-20-10,10
2023-05-20-11,12
2023-05-20-12,11
2023-05-20-13,10
2023-05-20-14,10
2023-05-20-15,11
2023-05-20-16,11
2023-05-20-17,11
2023-05-20-18,10
2023-05-20-19,9
2023-05-20-20,10
2023-05-20-21,12
2023-05-20-22,11
2023-05-20-23,10
2023-05-21-0,5
2023-05-21-1,29
2023-05-21-2,17
2023-05-21-3,13
2023-05-21-4,37
2023-05-21-5,20
2023-05-21-6,11
2023-05-21-7,14
2023-05-21-8,12
2023-05-21-9,8
2023-05-21-10,11
2023-05-21-11,13
2023-05-21-12,10
2023-05-21-13,13
2023-05-21-14,10
2023-05-21-15,12
2023-05-21-16,11
2023-05-21-17,12
2023-05-21-18,11
2023-05-21-19,10
2023-05-21-20,13
2023-05-21-21,11
2023-05-21-22,12
2023-05-21-23,12
2023-05-22-0,27
2023-05-22-1,8
2023-05-22-2,23
2023-05-22-4,7
2023-05-22-5,17
2023-05-22-6,14
2023-05-22-7,15
2023-05-22-8,13
2023-05-22-9,12
2023-05-22-10,20
2023-05-22-11,16
2023-05-22-12,12
2023-05-22-13,16
2023-05-22-14,19
2023-05-22-15,15
2023-05-22-16,18
2023-05-22-17,12
2023-05-22-18,13
2023-05-22-19,10
2023-05-22-20,9
2023-05-22-21,10
2023-05-22-22,11
2023-05-22-23,17
2023-05-23-0,40
2023-05-23-1,48
2023-05-23-2,60
2023-05-23-3,17
2023-05-23-5,37
2023-05-23-6,19
2023-05-23-7,13
2023-05-23-8,10
2023-05-23-9,11
2023-05-23-10,20
2023-05-23-11,13
2023-05-23-12,28
2023-05-23-13,16
2023-05-23-14,12
2023-05-23-15,17
2023-05-23-16,22
2023-05-23-17,17
2023-05-23-18,10
2023-05-23-19,15
2023-05-23-20,11
2023-05-23-21,13
2023-05-23-22,13
2023-05-23-23,11
2023-05-24-0,17
2023-05-24-1,42
2023-05-24-2,11
2023-05-24-3,41
2023-05-24-4,39
2023-05-24-5,46
2023-05-24-6,10
2023-05-24-7,20
2023-05-24-8,12
2023-05-24-9,17
2023-05-24-10,13
2023-05-24-11,11
2023-05-24-12,10
2023-05-24-13,11
2023-05-24-14,13
2023-05-24-15,17
2023-05-24-16,21
2023-05-24-17,19
2023-05-24-18,18
2023-05-24-19,10
2023-05-24-20,9
2023-05-24-21,20
2023-05-24-22,12
2023-05-24-23,9
2023-05-25-0,16
2023-05-25-1,33
2023-05-25-2,51
2023-05-25-3,31
2023-05-25-4,22
2023-05-25-5,21
2023-05-25-6,28
2023-05-25-7,17
2023-05-25-8,14
2023-05-25-9,17
2023-05-25-10,18
2023-05-25-11,12
2023-05-25-12,9
2023-05-25-13,10
2023-05-25-14,10
2023-05-25-15,19
2023-05-25-16,18
2023-05-25-17,15
2023-05-25-18,16
2023-05-25-19,10
2023-05-25-20,13
2023-05-25-21,11
2023-05-25-22,13
2023-05-25-23,12
2023-05-26-9,0
2023-05-26-13,8
2023-05-26-14,35
2023-05-26-15,23
2023-05-26-16,16
2023-05-26-17,15
2023-05-26-18,15
2023-05-26-19,22
2023-05-26-20,11
2023-05-26-21,15
2023-05-26-22,10
2023-05-26-23,16
2023-05-27-0,10
2023-05-27-1,12
2023-05-27-2,12
2023-05-27-3,27
2023-05-27-4,10
2023-05-27-5,15
2023-05-27-6,13
2023-05-27-7,10
2023-05-27-8,14
2023-05-27-9,13
2023-05-27-10,21
2023-05-27-11,13
2023-05-27-12,10
2023-05-27-13,9
2023-05-27-14,11
2023-05-27-15,11
2023-05-27-16,10
2023-05-27-17,10
2023-05-27-18,9
2023-05-27-19,12
2023-05-27-20,9
2023-05-27-21,14
2023-05-27-22,8
2023-05-27-23,10
2023-05-28-0,7
2023-05-28-1,9
2023-05-28-2,22
2023-05-28-3,42
2023-05-28-4,40
2023-05-28-5,15
2023-05-28-6,12
2023-05-28-7,15
2023-05-28-8,12
2023-05-28-9,11
2023-05-28-10,11
2023-05-28-11,10
2023-05-28-12,13
2023-05-28-13,9
2023-05-28-14,10
2023-05-28-15,13
2023-05-28-16,13
2023-05-28-17,27
2023-05-28-18,24
2023-05-28-19,11
2023-05-28-20,14
2023-05-28-21,11
2023-05-28-22,34
2023-05-28-23,39
2023-05-29-0,7
2023-05-29-1,12
2023-05-29-2,12
2023-05-29-3,13
2023-05-29-4,12
2023-05-29-5,23
2023-05-29-6,29
2023-05-29-7,18
2023-05-29-8,11
2023-05-29-9,14
2023-05-29-10,10
2023-05-29-11,10
2023-05-29-12,12
2023-05-29-13,13
2023-05-29-14,23
2023-05-29-15,12
2023-05-29-16,12
2023-05-29-17,16
2023-05-29-18,14
2023-05-29-19,12
2023-05-29-20,12
2023-05-29-21,9
2023-05-29-22,23
2023-05-29-23,11
2023-05-30-0,12
2023-05-30-1,8
2023-05-30-3,57
2023-05-30-4,16
2023-05-30-5,7
2023-05-30-6,30
2023-05-30-7,17
2023-05-30-8,18
2023-05-30-9,13
2023-05-30-10,15
2023-05-30-11,20
2023-05-30-12,12
2023-05-30-13,10
2023-05-30-14,22
2023-05-30-15,20
2023-05-30-16,13
2023-05-30-17,16
2023-05-30-18,11
2023-05-30-19,11
2023-05-30-20,13
2023-05-30-21,15
2023-05-30-22,14
2023-05-30-23,13
2023-05-31-0,9
2023-05-31-1,36
2023-05-31-2,22
2023-05-31-4,26
2023-05-31-5,49
2023-05-31-6,28
2023-05-31-7,16
2023-05-31-8,13
2023-05-31-9,19
2023-05-31-10,10
2023-05-31-11,11
2023-05-31-12,11
2023-05-31-13,10
2023-05-31-14,11
2023-05-31-15,18
2023-05-31-16,17
2023-05-31-17,16
2023-05-31-18,15
2023-05-31-19,10
2023-05-31-20,11
2023-05-31-21,16
2023-05-31-22,14
2023-05-31-23,37
2023-06-01-0,16
2023-06-01-1,37
2023-06-01-2,46
2023-06-01-3,18
2023-06-01-4,15
2023-06-01-6,30
2023-06-01-7,16
2023-06-01-8,12
2023-06-01-9,13
2023-06-01-10,15
2023-06-01-11,11
2023-06-01-12,11
2023-06-01-13,9
2023-06-01-14,11
2023-06-01-15,15
2023-06-01-16,19
2023-06-01-17,15
2023-06-01-18,12
2023-06-01-19,12
2023-06-01-20,12
2023-06-01-21,28
2023-06-01-22,28
2023-06-01-23,14
2023-06-02-0,8
2023-06-02-1,18
2023-06-02-2,45
2023-06-02-3,53
2023-06-02-4,31
2023-06-02-5,49
2023-06-02-6,41
2023-06-02-7,17
2023-06-02-8,13
2023-06-02-9,11
2023-06-02-10,17
2023-06-02-11,12
2023-06-02-12,11
2023-06-02-13,14
2023-06-02-14,21
2023-06-02-15,12
2023-06-02-16,15
2023-06-02-17,15
2023-06-02-18,14
2023-06-02-19,16
2023-06-02-20,14
2023-06-02-21,11
2023-06-02-22,12
2023-06-02-23,17
2023-06-03-0,25
2023-06-03-1,12
2023-06-03-2,17
2023-06-03-3,18
2023-06-03-4,34
2023-06-03-5,6
2023-06-03-6,14
2023-06-03-7,11
2023-06-03-8,11
2023-06-03-9,12
2023-06-03-10,15
2023-06-03-11,11
2023-06-03-12,9
2023-06-03-13,15
2023-06-03-14,12
2023-06-03-15,12
2023-06-03-16,11
2023-06-03-17,15
2023-06-03-18,10
2023-06-03-19,16
2023-06-03-20,10
2023-06-03-21,11
2023-06-03-22,11
2023-06-03-23,11
2023-06-04-0,43
2023-06-04-1,11
2023-06-04-2,50
2023-06-04-3,21
2023-06-04-4,9
2023-06-04-5,16
2023-06-04-6,7
2023-06-04-7,9
2023-06-04-8,10
2023-06-04-9,10
2023-06-04-10,16
2023-06-04-11,13
2023-06-04-12,13
2023-06-04-13,14
2023-06-04-14,12
2023-06-04-15,13
2023-06-04-16,13
2023-06-04-17,12
2023-06-04-18,18
2023-06-04-19,9
2023-06-04-20,10
2023-06-04-21,16
2023-06-04-22,9
2023-06-04-23,14
2023-06-05-0,7
2023-06-05-1,11
2023-06-05-4,21
2023-06-05-5,24
2023-06-05-6,26
2023-06-05-7,15
2023-06-05-8,18
2023-06-05-9,15
2023-06-05-10,14
2023-06-05-11,11
2023-06-05-12,10
2023-06-05-13,11
2023-06-05-14,14
2023-06-05-15,16
2023-06-05-16,18
2023-06-05-17,15
2023-06-05-18,14
2023-06-05-19,11
2023-06-05-20,10
2023-06-05-21,10
2023-06-05-22,13
2023-06-05-23,11
2023-06-06-0,13
2023-06-06-1,21
2023-06-06-2,34
2023-06-06-3,12
2023-06-06-5,41
2023-06-06-6,34
2023-06-06-7,15
2023-06-06-8,10
2023-06-06-9,10
2023-06-06-10,12
2023-06-06-11,11
2023-06-06-12,11
2023-06-06-13,10
2023-06-06-14,15
2023-06-06-15,17
2023-06-06-16,19
2023-06-06-17,14
2023-06-06-18,15
2023-06-06-19,12
2023-06-06-20,12
2023-06-06-21,12
2023-06-06-22,11
2023-06-06-23,10
2023-06-07-0,7
2023-06-07-1,16
2023-06-07-2,21
2023-06-07-3,48
2023-06-07-4,9
2023-06-07-5,21
2023-06-07-6,40
2023-06-07-7,18
2023-06-07-8,12
2023-06-07-9,20
2023-06-07-10,19
2023-06-07-11,16
2023-06-07-12,11
2023-06-07-13,14
2023-06-07-14,15
2023-06-07-15,16
2023-06-07-16,18
2023-06-07-17,18
2023-06-07-18,15
2023-06-07-19,13
2023-06-07-20,17
2023-06-07-21,19
2023-06-07-22,12
2023-06-07-23,11
2023-06-08-0,12
2023-06-08-1,14
2023-06-08-2,17
2023-06-08-3,9
2023-06-08-4,12
2023-06-08-5,17
2023-06-08-6,9
2023-06-08-7,13
2023-06-08-8,10
2023-06-08-9,24
2023-06-08-10,15
2023-06-08-11,14
2023-06-08-12,10
2023-06-08-13,20
2023-06-08-14,19
2023-06-08-15,20
2023-06-08-16,17
2023-06-08-17,20
2023-06-08-18,19
2023-06-08-19,19
2023-06-08-20,10
2023-06-08-21,11
2023-06-08-22,11
2023-06-08-23,12
2023-06-09-0,9
2023-06-09-1,14
2023-06-09-2,11
2023-06-09-3,29
2023-06-09-4,18
2023-06-09-5,38
2023-06-09-6,17
2023-06-09-7,23
2023-06-09-8,19
2023-06-09-9,19
2023-06-09-10,16
2023-06-09-11,10
2023-06-09-12,14
2023-06-09-13,13
2023-06-09-14,15
2023-06-09-15,18
2023-06-09-16,17
2023-06-09-17,19
2023-06-09-18,16
2023-06-09-19,17
2023-06-09-20,13
2023-06-09-21,17
2023-06-09-22,17
2023-06-09-23,24
2023-06-10-0,12
2023-06-10-1,7
2023-06-10-2,57
2023-06-10-3,45
2023-06-10-4,11
2023-06-10-5,15
2023-06-10-6,11
2023-06-10-7,18
2023-06-10-8,10
2023-06-10-9,13
2023-06-10-10,16
2023-06-10-11,12
2023-06-10-12,12
2023-06-10-13,12
2023-06-10-14,13
2023-06-10-15,13
2023-06-10-16,11
2023-06-10-17,13
2023-06-10-18,13
2023-06-10-19,15
2023-06-10-20,12
2023-06-10-21,12
2023-06-10-22,13
2023-06-10-23,9
2023-06-11-0,22
2023-06-11-1,19
2023-06-11-2,13
2023-06-11-3,20
2023-06-11-4,19
2023-06-11-5,21
2023-06-11-6,11
2023-06-11-7,11
2023-06-11-8,11
2023-06-11-9,21
2023-06-11-10,13
2023-06-11-11,20
2023-06-11-12,23
2023-06-11-13,21
2023-06-11-14,20
2023-06-11-15,12
2023-06-11-16,8
2023-06-11-17,23
2023-06-11-18,30
2023-06-11-19,10
2023-06-11-20,9
2023-06-11-21,11
2023-06-11-22,10
2023-06-11-23,22
2023-06-12-0,44
2023-06-12-1,51
2023-06-12-2,51
2023-06-12-3,41
2023-06-12-4,7
2023-06-12-5,29
2023-06-12-6,34
2023-06-12-7,16
2023-06-12-8,14
2023-06-12-9,13
2023-06-12-10,14
2023-06-12-11,14
2023-06-12-12,15
2023-06-12-13,12
2023-06-12-14,10
2023-06-12-15,18
2023-06-12-16,14
2023-06-12-17,17
2023-06-12-18,13
2023-06-12-19,10
2023-06-12-20,15
2023-06-12-21,11
2023-06-12-22,11
2023-06-12-23,12
2023-06-13-0,27
2023-06-13-1,38
2023-06-13-2,23
2023-06-13-3,25
2023-06-13-4,10
2023-06-13-5,13
2023-06-13-6,19
2023-06-13-7,16
2023-06-13-8,12
2023-06-13-9,13
2023-06-13-10,11
2023-06-13-11,11
2023-06-13-12,9
2023-06-13-13,10
2023-06-13-14,17
2023-06-13-15,18
2023-06-13-16,18
2023-06-13-17,16
2023-06-13-18,15
2023-06-13-19,12
2023-06-13-20,10
2023-06-13-21,33
2023-06-13-22,20
2023-06-13-23,19
2023-06-14-0,13
2023-06-14-1,7
2023-06-14-2,9
2023-06-14-3,9
2023-06-14-4,34
2023-06-14-5,33
2023-06-14-6,30
2023-06-14-7,17
2023-06-14-8,13
2023-06-14-9,12
2023-06-14-10,11
2023-06-14-11,13
2023-06-14-12,13
2023-06-14-13,16
2023-06-14-14,18
2023-06-14-15,15
2023-06-14-16,14
2023-06-14-17,14
2023-06-14-18,13
2023-06-14-19,16
2023-06-14-20,10
2023-06-14-21,10
2023-06-14-22,12
2023-06-14-23,18
2023-06-15-0,11
2023-06-15-1,12
2023-06-15-2,54
2023-06-15-3,11
2023-06-15-4,30
2023-06-15-5,30
2023-06-15-6,14
2023-06-15-7,28
2023-06-15-8,24
2023-06-15-9,13
2023-06-15-10,10
2023-06-15-11,21
2023-06-15-12,10
2023-06-15-13,12
2023-06-15-14,10
2023-06-15-15,10
2023-06-15-16,9
2023-06-15-17,10
2023-06-15-18,32
2023-06-15-19,10
2023-06-15-20,17
2023-06-15-21,11
2023-06-15-22,18
2023-06-15-23,12
2023-06-16-0,12
2023-06-16-1,27
2023-06-16-2,15
2023-06-16-3,8
2023-06-16-5,30
2023-06-16-6,15
2023-06-16-7,20
2023-06-16-8,15
2023-06-16-9,17
2023-06-16-10,17
2023-06-16-11,15
2023-06-16-12,10
2023-06-16-13,11
2023-06-16-14,13
2023-06-16-15,14
2023-06-16-16,14
2023-06-16-17,16
2023-06-16-18,16
2023-06-16-19,21
2023-06-16-20,11
2023-06-16-21,12
2023-06-16-22,15
2023-06-16-23,10
2023-06-17-0,11
2023-06-17-1,15
2023-06-17-2,15
2023-06-17-3,41
2023-06-17-4,12
2023-06-17-5,9
2023-06-17-6,9
2023-06-17-7,14
2023-06-17-8,21
2023-06-17-9,11
2023-06-17-10,11
2023-06-17-11,10
2023-06-17-12,9
2023-06-17-13,11
2023-06-17-14,11
2023-06-17-15,12
2023-06-17-16,12
2023-06-17-17,11
2023-06-17-18,10
2023-06-17-19,11
2023-06-17-20,11
2023-06-17-21,14
2023-06-17-22,11
2023-06-17-23,11
2023-06-18-0,11
2023-06-18-1,7
2023-06-18-2,41
2023-06-18-3,26
2023-06-18-4,5
2023-06-18-5,13
2023-06-18-6,15
2023-06-18-7,13
2023-06-18-8,11
2023-06-18-9,13
2023-06-18-10,15
2023-06-18-11,11
2023-06-18-12,12
2023-06-18-13,14
2023-06-18-14,12
2023-06-18-15,14
2023-06-18-16,11
2023-06-18-17,18
2023-06-18-18,18
2023-06-18-19,19
2023-06-18-20,10
2023-06-18-21,15
2023-06-18-22,10
2023-06-18-23,10
2023-06-19-0,12
2023-06-19-1,9
2023-06-19-2,8
2023-06-19-3,34
2023-06-19-4,25
2023-06-19-5,13
2023-06-19-6,27
2023-06-19-7,17
2023-06-19-8,14
2023-06-19-9,21
2023-06-19-10,15
2023-06-19-11,10
2023-06-19-12,12
2023-06-19-13,11
2023-06-19-14,11
2023-06-19-15,8
2023-06-19-16,17
2023-06-19-17,12
2023-06-19-18,11
2023-06-19-19,9
2023-06-19-20,29
2023-06-19-21,12
2023-06-19-22,13
2023-06-19-23,28
2023-06-20-0,50
2023-06-20-1,4
2023-06-20-2,53
2023-06-20-3,59
2023-06-20-5,14
2023-06-20-6,16
2023-06-20-7,15
2023-06-20-8,20
2023-06-20-9,16
2023-06-20-10,12
2023-06-20-11,9
2023-06-20-12,23
2023-06-20-13,10
2023-06-20-14,15
2023-06-20-15,14
2023-06-20-16,18
2023-06-20-17,15
2023-06-20-18,17
2023-06-20-19,13
2023-06-20-20,10
2023-06-20-21,18
2023-06-20-22,13
2023-06-20-23,18
2023-06-21-0,46
2023-06-21-1,12
2023-06-21-2,47
2023-06-21-4,9
2023-06-21-5,30
2023-06-21-6,14
2023-06-21-7,16
2023-06-21-8,14
2023-06-21-9,14
2023-06-21-10,19
2023-06-21-11,18
2023-06-21-12,10
2023-06-21-13,11
2023-06-21-14,20
2023-06-21-15,19
2023-06-21-16,20
2023-06-21-17,12
2023-06-21-18,16
2023-06-21-19,18
2023-06-21-20,9
2023-06-21-21,13
2023-06-21-22,11
2023-06-21-23,26
2023-06-22-0,15
2023-06-22-1,27
2023-06-22-2,19
2023-06-22-3,53
2023-06-22-4,52
2023-06-22-5,28
2023-06-22-6,36
2023-06-22-7,18
2023-06-22-8,13
2023-06-22-9,10
2023-06-22-10,14
2023-06-22-11,17
2023-06-22-12,11
2023-06-22-13,12
2023-06-22-14,18
2023-06-22-15,13
2023-06-22-16,16
2023-06-22-17,17
2023-06-22-18,16
2023-06-22-19,14
2023-06-22-20,11
2023-06-22-21,12
2023-06-22-22,13
2023-06-22-23,16
2023-06-23-0,55
2023-06-23-1,12
2023-06-23-2,5
2023-06-23-3,57
2023-06-23-4,36
2023-06-23-5,40
2023-06-23-6,30
2023-06-23-7,16
2023-06-23-8,15
2023-06-23-9,12
2023-06-23-10,20
2023-06-23-11,12
2023-06-23-12,11
2023-06-23-13,16
2023-06-23-14,17
2023-06-23-15,19
2023-06-23-16,17
2023-06-23-17,15
2023-06-23-18,18
2023-06-23-19,20
2023-06-23-20,9
2023-06-23-21,10
2023-06-23-22,9
2023-06-23-23,14
2023-06-24-0,11
2023-06-24-1,25
2023-06-24-2,18
2023-06-24-3,47
2023-06-24-4,42
2023-06-24-5,26
2023-06-24-6,32
2023-06-24-7,13
2023-06-24-8,11
2023-06-24-9,10
2023-06-24-10,12
2023-06-24-11,12
2023-06-24-12,10
2023-06-24-13,9
2023-06-24-14,11
2023-06-24-15,12
2023-06-24-16,10
2023-06-24-17,12
2023-06-24-18,11
2023-06-24-19,9
2023-06-24-20,10
2023-06-24-21,10
2023-06-24-22,10
2023-06-24-23,9
2023-06-25-0,11
2023-06-25-1,11
2023-06-25-2,7
2023-06-25-3,15
2023-06-25-4,15
2023-06-25-5,10
2023-06-25-6,13
2023-06-25-7,15
2023-06-25-8,10
2023-06-25-9,13
2023-06-25-10,12
2023-06-25-11,12
2023-06-25-12,12
2023-06-25-13,12
2023-06-25-14,11
2023-06-25-15,12
2023-06-25-16,13
2023-06-25-17,15
2023-06-25-18,11
2023-06-25-19,11
2023-06-25-20,10
2023-06-25-21,12
2023-06-25-22,11
2023-06-25-23,11
2023-06-26-0,14
2023-06-26-1,21
2023-06-26-2,15
2023-06-26-5,48
2023-06-26-6,13
2023-06-26-7,20
2023-06-26-8,17
2023-06-26-9,14
2023-06-26-10,11
2023-06-26-11,9
2023-06-26-12,22
2023-06-26-13,12
2023-06-26-14,13
2023-06-26-15,14
2023-06-26-16,17
2023-06-26-17,13
2023-06-26-18,15
2023-06-26-19,16
2023-06-26-20,11
2023-06-26-21,23
2023-06-26-22,32
2023-06-26-23,30
2023-06-27-0,18
2023-06-27-1,42
2023-06-27-2,4
2023-06-27-3,61
2023-06-27-5,39
2023-06-27-6,31
2023-06-27-7,17
2023-06-27-8,19
2023-06-27-9,17
2023-06-27-10,13
2023-06-27-11,9
2023-06-27-12,9
2023-06-27-13,14
2023-06-27-14,18
2023-06-27-15,24
2023-06-27-16,22
2023-06-27-17,16
2023-06-27-18,18
2023-06-27-19,9
2023-06-27-20,9
2023-06-27-21,11
2023-06-27-22,25
2023-06-27-23,7
2023-06-28-0,20
2023-06-28-1,12
2023-06-28-2,37
2023-06-28-3,31
2023-06-28-4,52
2023-06-28-5,31
2023-06-28-6,38
2023-06-28-7,16
2023-06-28-8,20
2023-06-28-9,12
2023-06-28-10,24
2023-06-28-11,10
2023-06-28-12,11
2023-06-28-13,10
2023-06-28-14,18
2023-06-28-15,13
2023-06-28-16,12
2023-06-28-17,17
2023-06-28-18,14
2023-06-28-19,16
2023-06-28-20,11
2023-06-28-21,12
2023-06-28-22,9
2023-06-28-23,11
2023-06-29-0,9
2023-06-29-1,13
2023-06-29-2,10
2023-06-29-3,24
2023-06-29-4,32
2023-06-29-5,46
2023-06-29-6,28
2023-06-29-7,17
2023-06-29-8,17
2023-06-29-9,13
2023-06-29-10,12
2023-06-29-11,11
2023-06-29-12,12
2023-06-29-13,10
2023-06-29-14,13
2023-06-29-15,21
2023-06-29-16,13
2023-06-29-17,16
2023-06-29-18,14
2023-06-29-19,13
2023-06-29-20,13
2023-06-29-21,13
2023-06-29-22,15
2023-06-29-23,23
2023-06-30-0,54
2023-06-30-1,36
2023-06-30-2,15
2023-06-30-3,40
2023-06-30-4,11
2023-06-30-5,46
2023-06-30-6,13
2023-06-30-7,18
2023-06-30-8,17
2023-06-30-9,13
2023-06-30-10,12
2023-06-30-11,11
2023-06-30-12,10
2023-06-30-13,13
2023-06-30-14,17
2023-06-30-15,17
2023-06-30-16,19
2023-06-30-17,15
2023-06-30-18,16
2023-06-30-19,16
2023-06-30-20,11
2023-06-30-21,9
2023-06-30-22,10
2023-06-30-23,18
2023-07-01-0,16
2023-07-01-1,11
2023-07-01-2,36
2023-07-01-3,9
2023-07-01-4,43
2023-07-01-5,54
2023-07-01-6,10
2023-07-01-7,12
2023-07-01-8,11
2023-07-01-9,13
2023-07-01-10,10
2023-07-01-11,12
2023-07-01-12,11
2023-07-01-13,10
2023-07-01-14,10
2023-07-01-15,16
2023-07-01-16,10
2023-07-01-17,12
2023-07-01-18,10
2023-07-01-19,12
2023-07-01-20,11
2023-07-01-21,11
2023-07-01-22,10
2023-07-01-23,9
2023-07-02-0,12
2023-07-02-1,12
2023-07-02-2,41
2023-07-02-3,42
2023-07-02-4,32
2023-07-02-5,19
2023-07-02-6,44
2023-07-02-7,10
2023-07-02-8,13
2023-07-02-9,13
2023-07-02-10,14
2023-07-02-11,13
2023-07-02-12,12
2023-07-02-13,10
2023-07-02-14,8
2023-07-02-15,13
2023-07-02-16,15
2023-07-02-17,12
2023-07-02-18,9
2023-07-02-19,24
2023-07-02-20,14
2023-07-02-21,11
2023-07-02-22,10
2023-07-02-23,10
2023-07-03-0,8
2023-07-03-1,18
2023-07-03-2,7
2023-07-03-3,8
2023-07-03-4,59
2023-07-03-5,28
2023-07-03-6,35
2023-07-03-7,14
2023-07-03-8,13
2023-07-03-9,12
2023-07-03-10,14
2023-07-03-11,13
2023-07-03-12,9
2023-07-03-13,10
2023-07-03-14,22
2023-07-03-15,10
2023-07-03-16,11
2023-07-03-17,15
2023-07-03-18,14
2023-07-03-19,9
2023-07-03-20,12
2023-07-03-21,20
2023-07-03-22,13
2023-07-03-23,39
2023-07-04-0,49
2023-07-04-1,49
2023-07-04-2,23
2023-07-04-3,10
2023-07-04-4,21
2023-07-04-5,43
2023-07-04-6,18
2023-07-04-7,21
2023-07-04-8,12
2023-07-04-9,24
2023-07-04-10,21
2023-07-04-11,20
2023-07-04-12,10
2023-07-04-13,10
2023-07-04-14,14
2023-07-04-15,16
2023-07-04-16,18
2023-07-04-17,17
2023-07-04-18,19
2023-07-04-19,13
2023-07-04-20,18
2023-07-04-21,12
2023-07-04-22,29
2023-07-04-23,10
2023-07-05-0,12
2023-07-05-1,9
2023-07-05-2,19
2023-07-05-4,12
2023-07-05-5,26
2023-07-05-6,12
2023-07-05-7,17
2023-07-05-8,17
2023-07-05-9,23
2023-07-05-10,22
2023-07-05-11,15
2023-07-05-12,15
2023-07-05-13,11
2023-07-05-14,20
2023-07-05-15,17
2023-07-05-16,15
2023-07-05-17,17
2023-07-05-18,16
2023-07-05-19,19
2023-07-05-20,14
2023-07-05-21,14
2023-07-05-22,10
2023-07-05-23,9
2023-07-06-0,40
2023-07-06-1,47
2023-07-06-2,7
2023-07-06-4,32
2023-07-06-5,33
2023-07-06-6,12
2023-07-06-7,17
2023-07-06-8,11
2023-07-06-9,13
2023-07-06-10,13
2023-07-06-11,11
2023-07-06-12,9
2023-07-06-13,9
2023-07-06-14,12
2023-07-06-15,16
2023-07-06-16,18
2023-07-06-17,17
2023-07-06-18,14
2023-07-06-19,17
2023-07-06-20,20
2023-07-06-21,10
2023-07-06-22,11
2023-07-06-23,31
2023-07-07-0,7
2023-07-07-1,12
2023-07-07-2,12
2023-07-07-3,42
2023-07-07-4,8
2023-07-07-5,12
2023-07-07-6,31
2023-07-07-7,16
2023-07-07-8,11
2023-07-07-9,17
2023-07-07-10,15
2023-07-07-11,19
2023-07-07-12,12
2023-07-07-13,21
2023-07-07-14,19
2023-07-07-15,13
2023-07-07-16,13
2023-07-07-17,15
2023-07-07-18,15
2023-07-07-19,13
2023-07-07-20,17
2023-07-07-21,19
2023-07-07-22,13
2023-07-07-23,9
2023-07-08-0,15
2023-07-08-1,33
2023-07-08-2,13
2023-07-08-3,13
2023-07-08-4,26
2023-07-08-5,25
2023-07-08-6,16
2023-07-08-7,23
2023-07-08-8,17
2023-07-08-9,16
2023-07-08-10,13
2023-07-08-11,18
2023-07-08-12,13
2023-07-08-13,12
2023-07-08-14,10
2023-07-08-15,10
2023-07-08-16,11
2023-07-08-17,10
2023-07-08-18,10
2023-07-08-19,9
2023-07-08-20,15
2023-07-08-21,13
2023-07-08-22,13
2023-07-08-23,9
2023-07-09-0,9
2023-07-09-1,10
2023-07-09-2,46
2023-07-09-3,14
2023-07-09-4,9
2023-07-09-5,25
2023-07-09-6,13
2023-07-09-7,10
2023-07-09-8,16
2023-07-09-9,11
2023-07-09-10,31
2023-07-09-11,9
2023-07-09-12,15
2023-07-09-13,12
2023-07-09-14,12
2023-07-09-15,11
2023-07-09-16,16
2023-07-09-17,21
2023-07-09-18,10
2023-07-09-19,22
2023-07-09-20,9
2023-07-09-21,11
2023-07-09-22,14
2023-07-09-23,8
2023-07-10-0,48
2023-07-10-1,18
2023-07-10-2,12
2023-07-10-3,20
2023-07-10-5,50
2023-07-10-6,23
2023-07-10-7,16
2023-07-10-8,10
2023-07-10-9,17
2023-07-10-10,24
2023-07-10-11,11
2023-07-10-12,21
2023-07-10-13,15
2023-07-10-14,18
2023-07-10-15,21
2023-07-10-16,21
2023-07-10-17,17
2023-07-10-18,14
2023-07-10-19,18
2023-07-10-20,15
2023-07-10-21,13
2023-07-10-22,11
2023-07-10-23,44
2023-07-11-0,33
2023-07-11-1,39
2023-07-11-2,17
2023-07-11-3,25
2023-07-11-4,24
2023-07-11-5,41
2023-07-11-6,34
2023-07-11-7,21
2023-07-11-8,22
2023-07-11-9,22
2023-07-11-10,27
2023-07-11-11,25
2023-07-11-12,20
2023-07-11-13,14
2023-07-11-14,27
2023-07-11-15,22
2023-07-11-16,13
2023-07-11-17,16
2023-07-11-18,11
2023-07-11-19,22
2023-07-11-20,13
2023-07-11-21,9
2023-07-11-22,11
2023-07-11-23,10
2023-07-12-0,6
2023-07-12-1,43
2023-07-12-2,56
2023-07-12-3,24
2023-07-12-4,10
2023-07-12-5,40
2023-07-12-6,30
2023-07-12-7,19
2023-07-12-8,20
2023-07-12-9,14
2023-07-12-10,13
2023-07-12-11,12
2023-07-12-12,12
2023-07-12-13,11
2023-07-12-14,16
2023-07-12-15,14
2023-07-12-16,15
2023-07-12-17,13
2023-07-12-18,13
2023-07-12-19,15
2023-07-12-20,10
2023-07-12-21,10
2023-07-12-22,17
2023-07-12-23,38
2023-07-13-0,34
2023-07-13-1,36
2023-07-13-2,41
2023-07-13-3,26
2023-07-13-4,48
2023-07-13-5,19
2023-07-13-6,10
2023-07-13-7,17
2023-07-13-8,17
2023-07-13-9,26
2023-07-13-10,25
2023-07-13-11,22
2023-07-13-12,15
2023-07-13-13,17
2023-07-13-14,15
2023-07-13-15,21
2023-07-13-16,24
2023-07-13-17,22
2023-07-13-18,18
2023-07-13-19,12
2023-07-13-20,11
2023-07-13-21,20
2023-07-13-22,11
2023-07-13-23,11
2023-07-14-0,53
2023-07-14-1,8
2023-07-14-2,15
2023-07-14-3,49
2023-07-14-4,52
2023-07-14-5,12
2023-07-14-6,19
2023-07-14-7,22
2023-07-14-8,14
2023-07-14-9,21
2023-07-14-10,18
2023-07-14-11,17
2023-07-14-12,15
2023-07-14-13,11
2023-07-14-14,11
2023-07-14-15,17
2023-07-14-16,16
2023-07-14-17,15
2023-07-14-18,10
2023-07-14-19,12
2023-07-14-20,11
2023-07-14-21,10
2023-07-14-22,22
2023-07-14-23,10
2023-07-15-0,10
2023-07-15-1,38
2023-07-15-2,12
2023-07-15-3,32
2023-07-15-4,55
2023-07-15-5,12
2023-07-15-6,14
2023-07-15-7,13
2023-07-15-8,16
2023-07-15-9,16
2023-07-15-10,24
2023-07-15-11,21
2023-07-15-12,15
2023-07-15-13,16
2023-07-15-14,12
2023-07-15-15,12
2023-07-15-16,10
2023-07-15-17,10
2023-07-15-18,15
2023-07-15-19,13
2023-07-15-20,10
2023-07-15-21,11
2023-07-15-22,13
2023-07-15-23,7
2023-07-16-0,10
2023-07-16-1,12
2023-07-16-2,14
2023-07-16-3,57
2023-07-16-4,11
2023-07-16-5,16
2023-07-16-6,28
2023-07-16-7,14
2023-07-16-8,11
2023-07-16-9,27
2023-07-16-10,15
2023-07-16-11,12
2023-07-16-12,9
2023-07-16-13,11
2023-07-16-14,23
2023-07-16-15,17
2023-07-16-16,18
2023-07-16-17,11
2023-07-16-18,19
2023-07-16-19,17
2023-07-16-20,9
2023-07-16-21,11
2023-07-16-22,13
2023-07-16-23,18
2023-07-17-0,16
2023-07-17-1,7
2023-07-17-2,46
2023-07-17-3,4
2023-07-17-4,30
2023-07-17-5,22
2023-07-17-6,39
2023-07-17-7,16
2023-07-17-8,15
2023-07-17-9,16
2023-07-17-10,20
2023-07-17-11,16
2023-07-17-12,11
2023-07-17-13,12
2023-07-17-14,17
2023-07-17-15,11
2023-07-17-16,20
2023-07-17-17,18
2023-07-17-18,13
2023-07-17-19,17
2023-07-17-20,11
2023-07-17-21,28
2023-07-17-22,13
2023-07-17-23,13
2023-07-18-0,44
2023-07-18-1,49
2023-07-18-2,18
2023-07-18-3,21
2023-07-18-4,4
2023-07-18-5,21
2023-07-18-6,9
2023-07-18-7,23
2023-07-18-8,19
2023-07-18-9,20
2023-07-18-10,24
2023-07-18-11,14
2023-07-18-12,18
2023-07-18-13,12
2023-07-18-14,21
2023-07-18-15,25
2023-07-18-16,20
2023-07-18-17,20
2023-07-18-18,18
2023-07-18-19,9
2023-07-18-20,8
2023-07-18-21,12
2023-07-18-22,13
2023-07-18-23,34
2023-07-19-0,6
2023-07-19-1,7
2023-07-19-2,14
2023-07-19-3,13
2023-07-19-4,45
2023-07-19-5,8
2023-07-19-6,11
2023-07-19-7,25
2023-07-19-8,12
2023-07-19-9,17
2023-07-19-10,19
2023-07-19-11,16
2023-07-19-12,19
2023-07-19-13,19
2023-07-19-14,20
2023-07-19-15,20
2023-07-19-16,12
2023-07-19-17,19
2023-07-19-18,18
2023-07-19-19,19
2023-07-19-20,12
2023-07-19-21,11
2023-07-19-22,13
2023-07-19-23,11
2023-07-20-0,38
2023-07-20-1,9
2023-07-20-2,52
2023-07-20-3,36
2023-07-20-4,29
2023-07-20-5,14
2023-07-20-6,26
2023-07-20-7,27
2023-07-20-8,22
2023-07-20-9,23
2023-07-20-10,25
2023-07-20-11,24
2023-07-20-12,23
2023-07-20-13,19
2023-07-20-14,18
2023-07-20-15,16
2023-07-20-16,19
2023-07-20-17,14
2023-07-20-18,16
2023-07-20-19,19
2023-07-20-20,20
2023-07-20-21,10
2023-07-20-22,30
2023-07-20-23,12
2023-07-21-0,5
2023-07-21-1,46
2023-07-21-2,15
2023-07-21-3,11
2023-07-21-4,47
2023-07-21-5,40
2023-07-21-6,30
2023-07-21-7,22
2023-07-21-8,21
2023-07-21-9,22
2023-07-21-10,21
2023-07-21-11,19
2023-07-21-12,12
2023-07-21-13,16
2023-07-21-14,13
2023-07-21-15,17
2023-07-21-16,17
2023-07-21-17,16
2023-07-21-18,18
2023-07-21-19,15
2023-07-21-20,16
2023-07-21-21,22
2023-07-21-22,10
2023-07-21-23,10
2023-07-22-0,12
2023-07-22-1,34
2023-07-22-2,50
2023-07-22-3,23
2023-07-22-4,12
2023-07-22-5,40
2023-07-22-6,10
2023-07-22-7,15
2023-07-22-8,12
2023-07-22-9,26
2023-07-22-10,18
2023-07-22-11,18
2023-07-22-12,14
2023-07-22-13,8
2023-07-22-14,14
2023-07-22-15,13
2023-07-22-16,14
2023-07-22-17,15
2023-07-22-18,20
2023-07-22-19,11
2023-07-22-20,12
2023-07-22-21,11
2023-07-22-22,12
2023-07-22-23,12
2023-07-23-0,11
2023-07-23-1,12
2023-07-23-2,7
2023-07-23-3,46
2023-07-23-4,25
2023-07-23-5,15
2023-07-23-6,13
2023-07-23-7,14
2023-07-23-8,28
2023-07-23-9,27
2023-07-23-10,20
2023-07-23-11,19
2023-07-23-12,20
2023-07-23-13,11
2023-07-23-14,15
2023-07-23-15,14
2023-07-23-16,12
2023-07-23-17,25
2023-07-23-18,23
2023-07-23-19,19
2023-07-23-20,12
2023-07-23-21,14
2023-07-23-22,10
2023-07-23-23,11
2023-07-24-0,40
2023-07-24-1,19
2023-07-24-2,49
2023-07-24-3,44
2023-07-24-4,54
2023-07-24-5,47
2023-07-24-6,14
2023-07-24-7,21
2023-07-24-8,12
2023-07-24-11,0
2023-07-26-9,15
2023-07-26-11,13
2023-07-26-13,30
2023-07-26-14,15
2023-07-26-15,12
2023-07-26-16,17
2023-07-26-17,16
2023-07-26-18,15
2023-07-26-19,18
2023-07-26-20,20
2023-07-26-21,12
2023-07-26-22,13
2023-07-26-23,35
2023-07-27-0,8
2023-07-27-1,25
2023-07-27-2,44
2023-07-27-3,12
2023-07-27-4,51
2023-07-27-5,51
2023-07-27-6,10
2023-07-27-7,21
2023-07-27-8,14
2023-07-27-9,16
2023-07-27-10,21
2023-07-27-11,18
2023-07-27-12,16
2023-07-27-13,17
2023-07-27-14,20
2023-07-27-15,15
2023-07-27-16,13
2023-07-27-17,16
2023-07-27-18,15
2023-07-27-19,16
2023-07-27-20,13
2023-07-27-21,10
2023-07-27-22,20
2023-07-27-23,10
2023-07-28-0,30
2023-07-28-1,49
2023-07-28-3,49
2023-07-28-4,7
2023-07-28-5,10
2023-07-28-6,9
2023-07-28-7,21
2023-07-28-8,14
2023-07-28-9,20
2023-07-28-10,17
2023-07-28-11,20
2023-07-28-12,18
2023-07-28-13,19
2023-07-28-14,12
2023-07-28-15,16
2023-07-28-16,17
2023-07-28-17,17
2023-07-28-18,15
2023-07-28-19,17
2023-07-28-20,18
2023-07-28-21,10
2023-07-28-22,14
2023-07-28-23,20
2023-07-29-0,9
2023-07-29-1,33
2023-07-29-2,19
2023-07-29-3,42
2023-07-29-4,34
2023-07-29-5,11
2023-07-29-6,9
2023-07-29-7,16
2023-07-29-8,10
2023-07-29-9,20
2023-07-29-10,17
2023-07-29-11,12
2023-07-29-12,9
2023-07-29-13,13
2023-07-29-14,13
2023-07-29-15,12
2023-07-29-16,13
2023-07-29-17,16
2023-07-29-18,12
2023-07-29-19,11
2023-07-29-20,11
2023-07-29-21,13
2023-07-29-22,13
2023-07-29-23,10
2023-07-30-0,11
2023-07-30-1,50
2023-07-30-2,11
2023-07-30-3,10
2023-07-30-4,16
2023-07-30-5,39
2023-07-30-6,20
2023-07-30-7,20
2023-07-30-8,12
2023-07-30-9,11
2023-07-30-10,12
2023-07-30-11,13
2023-07-30-12,14
2023-07-30-13,13
2023-07-30-14,13
2023-07-30-15,18
2023-07-30-16,14
2023-07-30-17,19
2023-07-30-18,21
2023-07-30-19,20
2023-07-30-20,11
2023-07-30-21,11
2023-07-30-22,10
2023-07-30-23,12
2023-07-31-0,11
2023-07-31-1,17
2023-07-31-2,6
2023-07-31-4,19
2023-07-31-5,4
2023-07-31-6,33
2023-07-31-7,19
2023-07-31-8,15
2023-07-31-9,12
2023-07-31-10,25
2023-07-31-11,10
2023-07-31-12,11
2023-07-31-13,10
2023-07-31-14,12
2023-07-31-15,15
2023-07-31-16,14
2023-07-31-17,14
2023-07-31-18,16
2023-07-31-19,10
2023-07-31-20,14
2023-07-31-21,10
2023-07-31-22,14
2023-07-31-23,11
2023-08-01-0,7
2023-08-01-1,49
2023-08-01-2,63
2023-08-01-3,58
2023-08-01-4,52
2023-08-01-5,22
2023-08-01-6,9
2023-08-01-7,20
2023-08-01-8,13
2023-08-01-9,14
2023-08-01-10,15
2023-08-01-11,10
2023-08-01-12,10
2023-08-01-13,11
2023-08-01-14,14
2023-08-01-15,12
2023-08-01-16,13
2023-08-01-17,16
2023-08-01-18,12
2023-08-01-19,10
2023-08-01-20,11
2023-08-01-21,13
2023-08-01-22,11
2023-08-01-23,15
2023-08-02-0,11
2023-08-02-1,34
2023-08-02-2,49
2023-08-02-3,19
2023-08-02-4,6
2023-08-02-5,33
2023-08-02-6,11
2023-08-02-7,17
2023-08-02-8,15
2023-08-02-9,11
2023-08-02-10,14
2023-08-02-11,12
2023-08-02-12,17
2023-08-02-13,10
2023-08-02-14,12
2023-08-02-15,18
2023-08-02-16,17
2023-08-02-17,15
2023-08-02-18,17
2023-08-02-19,19
2023-08-02-20,10
2023-08-02-21,9
2023-08-02-22,11
2023-08-02-23,11
2023-08-03-0,52
2023-08-03-1,43
2023-08-03-3,16
2023-08-03-4,4
2023-08-03-5,33
2023-08-03-6,37
2023-08-03-7,12
2023-08-03-8,12
2023-08-03-9,15
2023-08-03-10,15
2023-08-03-11,13
2023-08-03-12,12
2023-08-03-13,18
2023-08-03-14,17
2023-08-03-15,21
2023-08-03-16,15
2023-08-03-17,16
2023-08-03-18,16
2023-08-03-19,17
2023-08-03-20,11
2023-08-03-21,10
2023-08-03-22,13
2023-08-03-23,10
2023-08-04-0,11
2023-08-04-1,38
2023-08-04-2,7
2023-08-04-4,14
2023-08-04-5,25
2023-08-04-6,30
2023-08-04-7,17
2023-08-04-8,13
2023-08-04-9,12
2023-08-04-10,20
2023-08-04-11,20
2023-08-04-12,13
2023-08-04-13,11
2023-08-04-14,23
2023-08-04-15,14
2023-08-04-16,20
2023-08-04-17,15
2023-08-04-18,16
2023-08-04-19,19
2023-08-04-20,12
2023-08-04-21,11
2023-08-04-22,14
2023-08-04-23,9
2023-08-05-0,11
2023-08-05-1,28
2023-08-05-2,36
2023-08-05-3,18
2023-08-05-4,36
2023-08-05-5,46
2023-08-05-6,16
2023-08-05-7,11
2023-08-05-8,9
2023-08-05-9,14
2023-08-05-10,14
2023-08-05-11,14
2023-08-05-12,15
2023-08-05-13,10
2023-08-05-14,12
2023-08-05-15,12
2023-08-05-16,15
2023-08-05-17,13
2023-08-05-18,12
2023-08-05-19,12
2023-08-05-20,12
2023-08-05-21,10
2023-08-05-22,12
2023-08-05-23,15
2023-08-06-0,10
2023-08-06-1,13
2023-08-06-2,13
2023-08-06-3,18
2023-08-06-4,13
2023-08-06-5,16
2023-08-06-6,20
2023-08-06-7,10
2023-08-06-8,14
2023-08-06-9,32
2023-08-06-10,10
2023-08-06-11,11
2023-08-06-12,13
2023-08-06-13,14
2023-08-06-14,13
2023-08-06-15,12
2023-08-06-16,18
2023-08-06-17,15
2023-08-06-18,15
2023-08-06-19,12
2023-08-06-20,11
2023-08-06-21,14
2023-08-06-22,11
2023-08-06-23,29
2023-08-07-0,28
2023-08-07-1,36
2023-08-07-2,17
2023-08-07-3,7
2023-08-07-4,3
2023-08-07-5,20
2023-08-07-6,18
2023-08-07-7,12
2023-08-07-8,14
2023-08-07-9,12
2023-08-07-10,10
2023-08-07-11,25
2023-08-07-12,9
2023-08-07-13,18
2023-08-07-14,20
2023-08-07-15,14
2023-08-07-16,15
2023-08-07-17,16
2023-08-07-18,15
2023-08-07-19,12
2023-08-07-20,11
2023-08-07-21,12
2023-08-07-22,13
2023-08-07-23,16
2023-08-08-0,22
2023-08-08-1,45
2023-08-08-2,28
2023-08-08-3,49
2023-08-08-4,35
2023-08-08-5,29
2023-08-08-6,36
2023-08-08-7,16
2023-08-08-8,16
2023-08-08-9,17
2023-08-08-10,18
2023-08-08-11,11
2023-08-08-12,11
2023-08-08-13,10
2023-08-08-14,14
2023-08-08-15,16
2023-08-08-16,13
2023-08-08-17,16
2023-08-08-18,14
2023-08-08-19,10
2023-08-08-20,12
2023-08-08-21,17
2023-08-08-22,25
2023-08-08-23,13
2023-08-09-0,43
2023-08-09-1,34
2023-08-09-2,11
2023-08-09-3,25
2023-08-09-5,41
2023-08-09-6,23
2023-08-09-7,20
2023-08-09-8,20
2023-08-09-9,12
2023-08-09-10,17
2023-08-09-11,13
2023-08-09-12,12
2023-08-09-13,15
2023-08-09-14,17
2023-08-09-15,19
2023-08-09-16,19
2023-08-09-17,17
2023-08-09-18,15
2023-08-09-19,11
2023-08-09-20,12
2023-08-09-21,10
2023-08-09-22,25
2023-08-09-23,18
2023-08-10-0,31
2023-08-10-1,13
2023-08-10-2,9
2023-08-10-3,38
2023-08-10-4,50
2023-08-10-5,52
2023-08-10-6,24
2023-08-10-7,16
2023-08-10-8,12
2023-08-10-9,20
2023-08-10-10,18
2023-08-10-11,11
2023-08-10-12,15
2023-08-10-13,10
2023-08-10-14,17
2023-08-10-15,17
2023-08-10-16,20
2023-08-10-17,15
2023-08-10-18,12
2023-08-10-19,18
2023-08-10-20,13
2023-08-10-21,12
2023-08-10-22,11
2023-08-10-23,11
2023-08-11-0,10
2023-08-11-1,45
2023-08-11-2,23
2023-08-11-3,51
2023-08-11-4,43
2023-08-11-5,7
2023-08-11-6,27
2023-08-11-7,17
2023-08-11-8,15
2023-08-11-9,22
2023-08-11-10,19
2023-08-11-11,13
2023-08-11-12,10
2023-08-11-13,10
2023-08-11-14,20
2023-08-11-15,20
2023-08-11-16,11
2023-08-11-17,17
2023-08-11-18,16
2023-08-11-19,15
2023-08-11-20,10
2023-08-11-21,12
2023-08-11-22,10
2023-08-11-23,11
2023-08-12-0,35
2023-08-12-1,15
2023-08-12-2,20
2023-08-12-3,10
2023-08-12-4,33
2023-08-12-5,53
2023-08-12-6,29
2023-08-12-7,11
2023-08-12-8,26
2023-08-12-9,10
2023-08-12-10,14
2023-08-12-11,10
2023-08-12-12,10
2023-08-12-13,10
2023-08-12-14,10
2023-08-12-15,12
2023-08-12-16,11
2023-08-12-17,10
2023-08-12-18,11
2023-08-12-19,11
2023-08-12-20,11
2023-08-12-21,12
2023-08-12-22,11
2023-08-12-23,10
2023-08-13-0,8
2023-08-13-1,44
2023-08-13-2,14
2023-08-13-3,31
2023-08-13-4,9
2023-08-13-5,31
2023-08-13-6,9
2023-08-13-7,9
2023-08-13-8,10
2023-08-13-9,33
2023-08-13-10,11
2023-08-13-11,10
2023-08-13-12,11
2023-08-13-13,12
2023-08-13-14,13
2023-08-13-15,15
2023-08-13-16,12
2023-08-13-17,15
2023-08-13-18,20
2023-08-13-19,20
2023-08-13-20,11
2023-08-13-21,12
2023-08-13-22,11
2023-08-13-23,14
2023-08-14-0,11
2023-08-14-1,9
2023-08-14-2,47
2023-08-14-4,12
2023-08-14-5,22
2023-08-14-6,27
2023-08-14-7,17
2023-08-14-8,13
2023-08-14-9,9
2023-08-14-10,13
2023-08-14-11,11
2023-08-14-12,11
2023-08-14-13,16
2023-08-14-14,19
2023-08-14-15,17
2023-08-14-16,19
2023-08-14-17,15
2023-08-14-18,15
2023-08-14-19,10
2023-08-14-20,13
2023-08-14-21,15
2023-08-14-22,12
2023-08-14-23,9
2023-08-17-0,43
2023-08-17-1,54
2023-08-17-2,24
2023-08-17-3,48
2023-08-17-5,29
2023-08-17-6,9
2023-08-17-7,20
2023-08-17-8,13
2023-08-17-9,16
2023-08-17-10,18
2023-08-17-11,17
2023-08-17-12,11
2023-08-17-13,10
2023-08-17-14,20
2023-08-17-15,22
2023-08-17-16,17
2023-08-17-17,19
2023-08-17-18,15
2023-08-17-19,23
2023-08-17-20,18
2023-08-17-21,14
2023-08-17-22,15
2023-08-17-23,28
2023-08-18-0,25
2023-08-18-1,35
2023-08-18-2,12
2023-08-18-3,63
2023-08-18-4,38
2023-08-18-5,31
2023-08-18-6,13
2023-08-18-7,12
2023-08-18-8,12
2023-08-18-9,16
2023-08-18-10,22
2023-08-18-11,14
2023-08-18-12,12
2023-08-18-13,14
2023-08-18-14,14
2023-08-18-15,13
2023-08-18-16,19
2023-08-18-17,15
2023-08-18-18,16
2023-08-18-19,19
2023-08-18-20,10
2023-08-18-21,13
2023-08-18-22,17
2023-08-18-23,11
2023-08-19-0,25
2023-08-19-1,5
2023-08-19-2,17
2023-08-19-3,45
2023-08-19-4,8
2023-08-19-5,15
2023-08-19-6,10
2023-08-19-7,10
2023-08-19-8,14
2023-08-19-9,24
2023-08-19-10,15
2023-08-19-11,11
2023-08-19-12,12
2023-08-19-13,11
2023-08-19-14,13
2023-08-19-15,18
2023-08-19-16,20
2023-08-19-17,11
2023-08-19-18,10
2023-08-19-19,11
2023-08-19-20,11
2023-08-19-21,12
2023-08-19-22,12
2023-08-19-23,12
2023-08-20-0,26
2023-08-20-1,28
2023-08-20-2,33
2023-08-20-3,18
2023-08-20-4,52
2023-08-20-5,50
2023-08-20-6,31
2023-08-20-7,14
2023-08-20-8,13
2023-08-20-9,11
2023-08-20-10,32
2023-08-20-11,12
2023-08-20-12,12
2023-08-20-13,13
2023-08-20-14,12
2023-08-20-15,15
2023-08-20-16,13
2023-08-20-17,20
2023-08-20-18,16
2023-08-20-19,11
2023-08-20-20,10
2023-08-20-21,13
2023-08-20-22,13
2023-08-20-23,14
2023-08-21-0,14
2023-08-21-1,16
2023-08-21-2,24
2023-08-21-3,35
2023-08-21-4,34
2023-08-21-5,36
2023-08-21-6,26
2023-08-21-7,13
2023-08-21-8,12
2023-08-21-9,13
2023-08-21-10,10
2023-08-21-11,9
2023-08-21-12,16
2023-08-21-13,10
2023-08-21-14,14
2023-08-21-15,13
2023-08-21-16,15
2023-08-21-17,16
2023-08-21-18,16
2023-08-21-19,13
2023-08-21-20,10
2023-08-21-21,14
2023-08-21-22,11
2023-08-21-23,24
2023-08-23-0,46
2023-08-23-1,49
2023-08-23-2,56
2023-08-23-3,21
2023-08-23-4,9
2023-08-23-5,23
2023-08-23-6,33
2023-08-23-7,19
2023-08-23-8,18
2023-08-23-9,22
2023-08-23-10,19
2023-08-23-11,11
2023-08-23-12,9
2023-08-23-13,13
2023-08-23-14,15
2023-08-23-15,22
2023-08-23-16,17
2023-08-23-17,17
2023-08-23-18,15
2023-08-23-19,18
2023-08-23-20,13
2023-08-23-21,12
2023-08-23-22,12
2023-08-23-23,8
2023-08-24-0,43
2023-08-24-1,19
2023-08-24-3,19
2023-08-24-4,24
2023-08-24-5,26
2023-08-24-6,17
2023-08-24-7,17
2023-08-24-8,12
2023-08-24-9,20
2023-08-24-10,23
2023-08-24-11,19
2023-08-24-12,11
2023-08-24-13,12
2023-08-24-14,20
2023-08-24-15,22
2023-08-24-16,19
2023-08-24-17,17
2023-08-24-18,15
2023-08-24-19,19
2023-08-24-20,21
2023-08-24-21,11
2023-08-24-22,10
2023-08-24-23,13
2023-08-25-0,29
2023-08-25-1,43
2023-08-25-2,50
2023-08-25-3,6
2023-08-25-5,18
2023-08-25-6,24
2023-08-25-7,22
2023-08-25-8,11
2023-08-25-9,18
2023-08-25-10,29
2023-08-25-11,17
2023-08-25-12,18
2023-08-25-13,14
2023-08-25-14,14
2023-08-25-15,16
2023-08-25-16,17
2023-08-25-17,14
2023-08-25-18,14
2023-08-25-19,15
2023-08-25-20,19
2023-08-25-21,12
2023-08-25-22,10
2023-08-25-23,19
2023-08-26-23,0
2023-08-27-0,10
2023-08-27-1,6
2023-08-27-2,53
2023-08-27-3,14
2023-08-27-4,5
2023-08-27-5,13
2023-08-27-6,19
2023-08-27-7,8
2023-08-27-8,13
2023-08-27-9,11
2023-08-27-10,16
2023-08-27-11,13
2023-08-27-12,12
2023-08-27-13,12
2023-08-27-14,14
2023-08-27-15,11
2023-08-27-16,16
2023-08-27-17,20
2023-08-27-18,11
2023-08-27-19,23
2023-08-27-20,11
2023-08-27-21,11
2023-08-27-22,10
2023-08-27-23,10
2023-08-28-0,11
2023-08-28-1,13
2023-08-28-2,13
2023-08-28-3,12
2023-08-28-4,17
2023-08-28-6,10
2023-08-28-7,16
2023-08-28-8,13
2023-08-28-9,10
2023-08-28-10,11
2023-08-28-11,12
2023-08-28-12,10
2023-08-28-13,9
2023-08-28-14,15
2023-08-28-15,11
2023-08-28-16,15
2023-08-28-17,14
2023-08-28-18,14
2023-08-28-19,10
2023-08-28-20,12
2023-08-28-21,15
2023-08-28-22,24
2023-08-28-23,11
2023-09-02-0,10
2023-09-02-1,13
2023-09-02-2,8
2023-09-02-3,12
2023-09-02-4,43
2023-09-02-5,24
2023-09-02-6,13
2023-09-02-7,13
2023-09-02-8,16
2023-09-02-9,21
2023-09-02-10,12
2023-09-02-11,17
2023-09-02-12,10
2023-09-02-13,9
2023-09-02-14,10
2023-09-02-15,10
2023-09-02-16,11
2023-09-02-17,9
2023-09-02-18,13
2023-09-02-19,9
2023-09-02-20,12
2023-09-02-21,10
2023-09-02-22,12
2023-09-02-23,11
2023-09-04-0,9
2023-09-04-1,12
2023-09-04-2,5
2023-09-04-3,38
2023-09-04-4,7
2023-09-04-5,14
2023-09-04-6,33
2023-09-04-7,19
2023-09-04-8,15
2023-09-04-9,11
2023-09-04-10,13
2023-09-04-11,10
2023-09-04-12,10
2023-09-04-13,10
2023-09-04-14,10
2023-09-04-15,33
2023-09-04-16,21
2023-09-04-17,19
2023-09-04-18,16
2023-09-04-19,10
2023-09-04-20,10
2023-09-04-21,14
2023-09-04-22,30
2023-09-04-23,35
2023-09-05-14,25
2023-09-05-15,22
2023-09-05-16,8
2023-09-05-17,17
2023-09-05-18,12
2023-09-05-19,13
2023-09-05-20,12
2023-09-05-21,9
2023-09-05-22,13
2023-09-05-23,12
2023-09-06-0,20
2023-09-06-1,17
2023-09-06-2,7
2023-09-06-3,27
2023-09-06-4,14
2023-09-06-5,38
2023-09-06-6,39
2023-09-06-7,15
2023-09-06-8,13
2023-09-06-9,16
2023-09-06-10,20
2023-09-06-11,18
2023-09-06-12,18
2023-09-06-13,16
2023-09-06-14,13
2023-09-06-15,14
2023-09-06-16,13
2023-09-06-17,16
2023-09-06-18,16
